 
           ##################################################
           #      AMPT (A Multi-Phase Transport) model      #
           #          Version 2.31t5c (StringMelting)       #
           #               10/26/2023                       #
           ##################################################
            
  EVENT            1 , RUN            1
  EVENT            2 , RUN            1
  EVENT            3 , RUN            1
  EVENT            4 , RUN            1
  EVENT            5 , RUN            1
  EVENT            6 , RUN            1
  EVENT            7 , RUN            1
  EVENT            8 , RUN            1
  EVENT            9 , RUN            1
  EVENT           10 , RUN            1
  EVENT           11 , RUN            1
  EVENT           12 , RUN            1
  EVENT           13 , RUN            1
  EVENT           14 , RUN            1
  EVENT           15 , RUN            1
  EVENT           16 , RUN            1
  EVENT           17 , RUN            1
  EVENT           18 , RUN            1
  EVENT           19 , RUN            1
  EVENT           20 , RUN            1
  EVENT           21 , RUN            1
  EVENT           22 , RUN            1
  EVENT           23 , RUN            1
  EVENT           24 , RUN            1
  EVENT           25 , RUN            1
  EVENT           26 , RUN            1
  EVENT           27 , RUN            1
  EVENT           28 , RUN            1
  EVENT           29 , RUN            1
  EVENT           30 , RUN            1
  EVENT           31 , RUN            1
  EVENT           32 , RUN            1
  EVENT           33 , RUN            1
  EVENT           34 , RUN            1
  EVENT           35 , RUN            1
  EVENT           36 , RUN            1
  EVENT           37 , RUN            1
  EVENT           38 , RUN            1
  EVENT           39 , RUN            1
  EVENT           40 , RUN            1
  EVENT           41 , RUN            1
  EVENT           42 , RUN            1
  EVENT           43 , RUN            1
  EVENT           44 , RUN            1
  EVENT           45 , RUN            1
  EVENT           46 , RUN            1
  EVENT           47 , RUN            1
  EVENT           48 , RUN            1
  EVENT           49 , RUN            1
  EVENT           50 , RUN            1
  EVENT           51 , RUN            1
  EVENT           52 , RUN            1
  EVENT           53 , RUN            1
  EVENT           54 , RUN            1
  EVENT           55 , RUN            1
  EVENT           56 , RUN            1
  EVENT           57 , RUN            1
  EVENT           58 , RUN            1
  EVENT           59 , RUN            1
  EVENT           60 , RUN            1
  EVENT           61 , RUN            1
  EVENT           62 , RUN            1
  EVENT           63 , RUN            1
  EVENT           64 , RUN            1
  EVENT           65 , RUN            1
  EVENT           66 , RUN            1
  EVENT           67 , RUN            1
  EVENT           68 , RUN            1
  EVENT           69 , RUN            1
  EVENT           70 , RUN            1
  EVENT           71 , RUN            1
  EVENT           72 , RUN            1
  EVENT           73 , RUN            1
  EVENT           74 , RUN            1
  EVENT           75 , RUN            1
  EVENT           76 , RUN            1
  EVENT           77 , RUN            1
  EVENT           78 , RUN            1
  EVENT           79 , RUN            1
  EVENT           80 , RUN            1
  EVENT           81 , RUN            1
  EVENT           82 , RUN            1
  EVENT           83 , RUN            1
  EVENT           84 , RUN            1
  EVENT           85 , RUN            1
  EVENT           86 , RUN            1
  EVENT           87 , RUN            1
  EVENT           88 , RUN            1
  EVENT           89 , RUN            1
  EVENT           90 , RUN            1
  EVENT           91 , RUN            1
  EVENT           92 , RUN            1
  EVENT           93 , RUN            1
  EVENT           94 , RUN            1
  EVENT           95 , RUN            1
  EVENT           96 , RUN            1
  EVENT           97 , RUN            1
  EVENT           98 , RUN            1
  EVENT           99 , RUN            1
  EVENT          100 , RUN            1
  EVENT          101 , RUN            1
  EVENT          102 , RUN            1
  EVENT          103 , RUN            1
  EVENT          104 , RUN            1
  EVENT          105 , RUN            1
  EVENT          106 , RUN            1
  EVENT          107 , RUN            1
  EVENT          108 , RUN            1
  EVENT          109 , RUN            1
  EVENT          110 , RUN            1
  EVENT          111 , RUN            1
  EVENT          112 , RUN            1
  EVENT          113 , RUN            1
  EVENT          114 , RUN            1
  EVENT          115 , RUN            1
  EVENT          116 , RUN            1
  EVENT          117 , RUN            1
  EVENT          118 , RUN            1
  EVENT          119 , RUN            1
  EVENT          120 , RUN            1
  EVENT          121 , RUN            1
  EVENT          122 , RUN            1
  EVENT          123 , RUN            1
  EVENT          124 , RUN            1
  EVENT          125 , RUN            1
  EVENT          126 , RUN            1
  EVENT          127 , RUN            1
  EVENT          128 , RUN            1
  EVENT          129 , RUN            1
  EVENT          130 , RUN            1
  EVENT          131 , RUN            1
  EVENT          132 , RUN            1
  EVENT          133 , RUN            1
  EVENT          134 , RUN            1
  EVENT          135 , RUN            1
  EVENT          136 , RUN            1
  EVENT          137 , RUN            1
  EVENT          138 , RUN            1
  EVENT          139 , RUN            1
  EVENT          140 , RUN            1
  EVENT          141 , RUN            1
  EVENT          142 , RUN            1
  EVENT          143 , RUN            1
  EVENT          144 , RUN            1
  EVENT          145 , RUN            1
  EVENT          146 , RUN            1
  EVENT          147 , RUN            1
  EVENT          148 , RUN            1
  EVENT          149 , RUN            1
  EVENT          150 , RUN            1
  EVENT          151 , RUN            1
  EVENT          152 , RUN            1
  EVENT          153 , RUN            1
  EVENT          154 , RUN            1
  EVENT          155 , RUN            1
  EVENT          156 , RUN            1
  EVENT          157 , RUN            1
  EVENT          158 , RUN            1
  EVENT          159 , RUN            1
  EVENT          160 , RUN            1
  EVENT          161 , RUN            1
  EVENT          162 , RUN            1
  EVENT          163 , RUN            1
  EVENT          164 , RUN            1
  EVENT          165 , RUN            1
  EVENT          166 , RUN            1
  EVENT          167 , RUN            1
  EVENT          168 , RUN            1
  EVENT          169 , RUN            1
  EVENT          170 , RUN            1
  EVENT          171 , RUN            1
  EVENT          172 , RUN            1
  EVENT          173 , RUN            1
  EVENT          174 , RUN            1
  EVENT          175 , RUN            1
  EVENT          176 , RUN            1
  EVENT          177 , RUN            1
  EVENT          178 , RUN            1
  EVENT          179 , RUN            1
  EVENT          180 , RUN            1
  EVENT          181 , RUN            1
  EVENT          182 , RUN            1
  EVENT          183 , RUN            1
  EVENT          184 , RUN            1
  EVENT          185 , RUN            1
  EVENT          186 , RUN            1
  EVENT          187 , RUN            1
  EVENT          188 , RUN            1
  EVENT          189 , RUN            1
  EVENT          190 , RUN            1
  EVENT          191 , RUN            1
  EVENT          192 , RUN            1
  EVENT          193 , RUN            1
  EVENT          194 , RUN            1
  EVENT          195 , RUN            1
  EVENT          196 , RUN            1
  EVENT          197 , RUN            1
  EVENT          198 , RUN            1
  EVENT          199 , RUN            1
  EVENT          200 , RUN            1
  EVENT          201 , RUN            1
  EVENT          202 , RUN            1
  EVENT          203 , RUN            1
  EVENT          204 , RUN            1
  EVENT          205 , RUN            1
  EVENT          206 , RUN            1
  EVENT          207 , RUN            1
  EVENT          208 , RUN            1
  EVENT          209 , RUN            1
  EVENT          210 , RUN            1
  EVENT          211 , RUN            1
  EVENT          212 , RUN            1
  EVENT          213 , RUN            1
  EVENT          214 , RUN            1
  EVENT          215 , RUN            1
  EVENT          216 , RUN            1
  EVENT          217 , RUN            1
  EVENT          218 , RUN            1
  EVENT          219 , RUN            1
  EVENT          220 , RUN            1
  EVENT          221 , RUN            1
  EVENT          222 , RUN            1
  EVENT          223 , RUN            1
  EVENT          224 , RUN            1
  EVENT          225 , RUN            1
  EVENT          226 , RUN            1
  EVENT          227 , RUN            1
  EVENT          228 , RUN            1
  EVENT          229 , RUN            1
  EVENT          230 , RUN            1
  EVENT          231 , RUN            1
  EVENT          232 , RUN            1
  EVENT          233 , RUN            1
  EVENT          234 , RUN            1
  EVENT          235 , RUN            1
  EVENT          236 , RUN            1
  EVENT          237 , RUN            1
  EVENT          238 , RUN            1
  EVENT          239 , RUN            1
  EVENT          240 , RUN            1
  EVENT          241 , RUN            1
  EVENT          242 , RUN            1
  EVENT          243 , RUN            1
  EVENT          244 , RUN            1
  EVENT          245 , RUN            1
  EVENT          246 , RUN            1
  EVENT          247 , RUN            1
  EVENT          248 , RUN            1
  EVENT          249 , RUN            1
  EVENT          250 , RUN            1
  EVENT          251 , RUN            1
  EVENT          252 , RUN            1
  EVENT          253 , RUN            1
  EVENT          254 , RUN            1
  EVENT          255 , RUN            1
  EVENT          256 , RUN            1
  EVENT          257 , RUN            1
  EVENT          258 , RUN            1
  EVENT          259 , RUN            1
  EVENT          260 , RUN            1
  EVENT          261 , RUN            1
  EVENT          262 , RUN            1
  EVENT          263 , RUN            1
  EVENT          264 , RUN            1
  EVENT          265 , RUN            1
  EVENT          266 , RUN            1
  EVENT          267 , RUN            1
  EVENT          268 , RUN            1
  EVENT          269 , RUN            1
  EVENT          270 , RUN            1
  EVENT          271 , RUN            1
  EVENT          272 , RUN            1
  EVENT          273 , RUN            1
  EVENT          274 , RUN            1
  EVENT          275 , RUN            1
  EVENT          276 , RUN            1
  EVENT          277 , RUN            1
  EVENT          278 , RUN            1
  EVENT          279 , RUN            1
  EVENT          280 , RUN            1
  EVENT          281 , RUN            1
  EVENT          282 , RUN            1
  EVENT          283 , RUN            1
  EVENT          284 , RUN            1
  EVENT          285 , RUN            1
  EVENT          286 , RUN            1
  EVENT          287 , RUN            1
  EVENT          288 , RUN            1
  EVENT          289 , RUN            1
  EVENT          290 , RUN            1
  EVENT          291 , RUN            1
  EVENT          292 , RUN            1
  EVENT          293 , RUN            1
  EVENT          294 , RUN            1
  EVENT          295 , RUN            1
 2:I,ft5<|gz5|, reset ft5 to |gz5|          89   1000000.0000000000       -1489321.1861252708       -1218077595441.5835     
 2:I,ft5<|gz5|, reset ft5 to |gz5|          90   1000000.0000000000       -1387868.1607142857       -926178031524.45435     
  EVENT          296 , RUN            1
  EVENT          297 , RUN            1
  EVENT          298 , RUN            1
  EVENT          299 , RUN            1
  EVENT          300 , RUN            1
  EVENT          301 , RUN            1
  EVENT          302 , RUN            1
  EVENT          303 , RUN            1
  EVENT          304 , RUN            1
  EVENT          305 , RUN            1
  EVENT          306 , RUN            1
  EVENT          307 , RUN            1
  EVENT          308 , RUN            1
  EVENT          309 , RUN            1
  EVENT          310 , RUN            1
  EVENT          311 , RUN            1
  EVENT          312 , RUN            1
  EVENT          313 , RUN            1
  EVENT          314 , RUN            1
  EVENT          315 , RUN            1
  EVENT          316 , RUN            1
  EVENT          317 , RUN            1
  EVENT          318 , RUN            1
  EVENT          319 , RUN            1
  EVENT          320 , RUN            1
  EVENT          321 , RUN            1
  EVENT          322 , RUN            1
  EVENT          323 , RUN            1
  EVENT          324 , RUN            1
 2:I,ft5<|gz5|, reset ft5 to |gz5|         154   1000000.0000000000       -1292022.9067156375       -669323191477.92505     
 2:I,ft5<|gz5|, reset ft5 to |gz5|         155   1000000.0000000000       -1056468.6680615626       -116126046595.77222     
  EVENT          325 , RUN            1
  EVENT          326 , RUN            1
  EVENT          327 , RUN            1
  EVENT          328 , RUN            1
  EVENT          329 , RUN            1
  EVENT          330 , RUN            1
  EVENT          331 , RUN            1
  EVENT          332 , RUN            1
  EVENT          333 , RUN            1
  EVENT          334 , RUN            1
  EVENT          335 , RUN            1
  EVENT          336 , RUN            1
  EVENT          337 , RUN            1
  EVENT          338 , RUN            1
  EVENT          339 , RUN            1
  EVENT          340 , RUN            1
  EVENT          341 , RUN            1
  EVENT          342 , RUN            1
  EVENT          343 , RUN            1
  EVENT          344 , RUN            1
  EVENT          345 , RUN            1
  EVENT          346 , RUN            1
  EVENT          347 , RUN            1
  EVENT          348 , RUN            1
  EVENT          349 , RUN            1
  EVENT          350 , RUN            1
  EVENT          351 , RUN            1
  EVENT          352 , RUN            1
  EVENT          353 , RUN            1
  EVENT          354 , RUN            1
  EVENT          355 , RUN            1
  EVENT          356 , RUN            1
  EVENT          357 , RUN            1
  EVENT          358 , RUN            1
  EVENT          359 , RUN            1
  EVENT          360 , RUN            1
  EVENT          361 , RUN            1
  EVENT          362 , RUN            1
  EVENT          363 , RUN            1
  EVENT          364 , RUN            1
  EVENT          365 , RUN            1
  EVENT          366 , RUN            1
  EVENT          367 , RUN            1
  EVENT          368 , RUN            1
  EVENT          369 , RUN            1
  EVENT          370 , RUN            1
  EVENT          371 , RUN            1
  EVENT          372 , RUN            1
  EVENT          373 , RUN            1
  EVENT          374 , RUN            1
  EVENT          375 , RUN            1
  EVENT          376 , RUN            1
  EVENT          377 , RUN            1
  EVENT          378 , RUN            1
  EVENT          379 , RUN            1
  EVENT          380 , RUN            1
 2:I,ft5<|gz5|, reset ft5 to |gz5|          89   1000000.0000000000        3315736.1504210355       -9994106219208.9082     
 2:I,ft5<|gz5|, reset ft5 to |gz5|          90   1000000.0000000000       -1588158.2095411532       -1522246498532.9614     
 2:I,ft5<|gz5|, reset ft5 to |gz5|          91   1000000.0000000000       -3510276.8335340172       -11322043448045.605     
  EVENT          381 , RUN            1
  EVENT          382 , RUN            1
  EVENT          383 , RUN            1
  EVENT          384 , RUN            1
  EVENT          385 , RUN            1
  EVENT          386 , RUN            1
  EVENT          387 , RUN            1
  EVENT          388 , RUN            1
  EVENT          389 , RUN            1
  EVENT          390 , RUN            1
  EVENT          391 , RUN            1
  EVENT          392 , RUN            1
  EVENT          393 , RUN            1
  EVENT          394 , RUN            1
  EVENT          395 , RUN            1
  EVENT          396 , RUN            1
  EVENT          397 , RUN            1
  EVENT          398 , RUN            1
  EVENT          399 , RUN            1
  EVENT          400 , RUN            1
  EVENT          401 , RUN            1
  EVENT          402 , RUN            1
  EVENT          403 , RUN            1
  EVENT          404 , RUN            1
  EVENT          405 , RUN            1
  EVENT          406 , RUN            1
  EVENT          407 , RUN            1
  EVENT          408 , RUN            1
  EVENT          409 , RUN            1
  EVENT          410 , RUN            1
  EVENT          411 , RUN            1
  EVENT          412 , RUN            1
  EVENT          413 , RUN            1
  EVENT          414 , RUN            1
  EVENT          415 , RUN            1
  EVENT          416 , RUN            1
  EVENT          417 , RUN            1
  EVENT          418 , RUN            1
  EVENT          419 , RUN            1
  EVENT          420 , RUN            1
  EVENT          421 , RUN            1
  EVENT          422 , RUN            1
  EVENT          423 , RUN            1
  EVENT          424 , RUN            1
  EVENT          425 , RUN            1
  EVENT          426 , RUN            1
  EVENT          427 , RUN            1
  EVENT          428 , RUN            1
  EVENT          429 , RUN            1
  EVENT          430 , RUN            1
  EVENT          431 , RUN            1
  EVENT          432 , RUN            1
  EVENT          433 , RUN            1
  EVENT          434 , RUN            1
  EVENT          435 , RUN            1
  EVENT          436 , RUN            1
  EVENT          437 , RUN            1
  EVENT          438 , RUN            1
  EVENT          439 , RUN            1
  EVENT          440 , RUN            1
  EVENT          441 , RUN            1
  EVENT          442 , RUN            1
  EVENT          443 , RUN            1
  EVENT          444 , RUN            1
  EVENT          445 , RUN            1
  EVENT          446 , RUN            1
  EVENT          447 , RUN            1
  EVENT          448 , RUN            1
  EVENT          449 , RUN            1
  EVENT          450 , RUN            1
  EVENT          451 , RUN            1
  EVENT          452 , RUN            1
  EVENT          453 , RUN            1
  EVENT          454 , RUN            1
  EVENT          455 , RUN            1
  EVENT          456 , RUN            1
  EVENT          457 , RUN            1
  EVENT          458 , RUN            1
  EVENT          459 , RUN            1
  EVENT          460 , RUN            1
  EVENT          461 , RUN            1
  EVENT          462 , RUN            1
  EVENT          463 , RUN            1
  EVENT          464 , RUN            1
  EVENT          465 , RUN            1
  EVENT          466 , RUN            1
  EVENT          467 , RUN            1
  EVENT          468 , RUN            1
  EVENT          469 , RUN            1
  EVENT          470 , RUN            1
  EVENT          471 , RUN            1
  EVENT          472 , RUN            1
  EVENT          473 , RUN            1
  EVENT          474 , RUN            1
  EVENT          475 , RUN            1
  EVENT          476 , RUN            1
  EVENT          477 , RUN            1
  EVENT          478 , RUN            1
  EVENT          479 , RUN            1
  EVENT          480 , RUN            1
  EVENT          481 , RUN            1
  EVENT          482 , RUN            1
  EVENT          483 , RUN            1
  EVENT          484 , RUN            1
  EVENT          485 , RUN            1
  EVENT          486 , RUN            1
  EVENT          487 , RUN            1
  EVENT          488 , RUN            1
  EVENT          489 , RUN            1
  EVENT          490 , RUN            1
  EVENT          491 , RUN            1
  EVENT          492 , RUN            1
  EVENT          493 , RUN            1
  EVENT          494 , RUN            1
  EVENT          495 , RUN            1
  EVENT          496 , RUN            1
  EVENT          497 , RUN            1
  EVENT          498 , RUN            1
 2:I,ft5<|gz5|, reset ft5 to |gz5|          39   1000000.0000000000        1119036.3748579568       -252242408255.23755     
  EVENT          499 , RUN            1
  EVENT          500 , RUN            1
  EVENT          501 , RUN            1
  EVENT          502 , RUN            1
  EVENT          503 , RUN            1
  EVENT          504 , RUN            1
  EVENT          505 , RUN            1
  EVENT          506 , RUN            1
  EVENT          507 , RUN            1
  EVENT          508 , RUN            1
  EVENT          509 , RUN            1
  EVENT          510 , RUN            1
  EVENT          511 , RUN            1
  EVENT          512 , RUN            1
  EVENT          513 , RUN            1
  EVENT          514 , RUN            1
  EVENT          515 , RUN            1
  EVENT          516 , RUN            1
  EVENT          517 , RUN            1
  EVENT          518 , RUN            1
  EVENT          519 , RUN            1
  EVENT          520 , RUN            1
  EVENT          521 , RUN            1
  EVENT          522 , RUN            1
  EVENT          523 , RUN            1
  EVENT          524 , RUN            1
  EVENT          525 , RUN            1
  EVENT          526 , RUN            1
  EVENT          527 , RUN            1
  EVENT          528 , RUN            1
  EVENT          529 , RUN            1
  EVENT          530 , RUN            1
  EVENT          531 , RUN            1
  EVENT          532 , RUN            1
  EVENT          533 , RUN            1
  EVENT          534 , RUN            1
  EVENT          535 , RUN            1
  EVENT          536 , RUN            1
  EVENT          537 , RUN            1
  EVENT          538 , RUN            1
  EVENT          539 , RUN            1
  EVENT          540 , RUN            1
  EVENT          541 , RUN            1
  EVENT          542 , RUN            1
  EVENT          543 , RUN            1
  EVENT          544 , RUN            1
  EVENT          545 , RUN            1
  EVENT          546 , RUN            1
  EVENT          547 , RUN            1
  EVENT          548 , RUN            1
  EVENT          549 , RUN            1
  EVENT          550 , RUN            1
  EVENT          551 , RUN            1
  EVENT          552 , RUN            1
  EVENT          553 , RUN            1
  EVENT          554 , RUN            1
  EVENT          555 , RUN            1
  EVENT          556 , RUN            1
  EVENT          557 , RUN            1
  EVENT          558 , RUN            1
  EVENT          559 , RUN            1
  EVENT          560 , RUN            1
  EVENT          561 , RUN            1
  EVENT          562 , RUN            1
  EVENT          563 , RUN            1
  EVENT          564 , RUN            1
  EVENT          565 , RUN            1
  EVENT          566 , RUN            1
  EVENT          567 , RUN            1
  EVENT          568 , RUN            1
  EVENT          569 , RUN            1
  EVENT          570 , RUN            1
  EVENT          571 , RUN            1
  EVENT          572 , RUN            1
  EVENT          573 , RUN            1
  EVENT          574 , RUN            1
  EVENT          575 , RUN            1
  EVENT          576 , RUN            1
  EVENT          577 , RUN            1
  EVENT          578 , RUN            1
  EVENT          579 , RUN            1
  EVENT          580 , RUN            1
  EVENT          581 , RUN            1
  EVENT          582 , RUN            1
  EVENT          583 , RUN            1
  EVENT          584 , RUN            1
  EVENT          585 , RUN            1
  EVENT          586 , RUN            1
  EVENT          587 , RUN            1
  EVENT          588 , RUN            1
  EVENT          589 , RUN            1
  EVENT          590 , RUN            1
  EVENT          591 , RUN            1
  EVENT          592 , RUN            1
  EVENT          593 , RUN            1
  EVENT          594 , RUN            1
  EVENT          595 , RUN            1
  EVENT          596 , RUN            1
  EVENT          597 , RUN            1
  EVENT          598 , RUN            1
  EVENT          599 , RUN            1
  EVENT          600 , RUN            1
  EVENT          601 , RUN            1
  EVENT          602 , RUN            1
  EVENT          603 , RUN            1
  EVENT          604 , RUN            1
  EVENT          605 , RUN            1
  EVENT          606 , RUN            1
  EVENT          607 , RUN            1
  EVENT          608 , RUN            1
  EVENT          609 , RUN            1
  EVENT          610 , RUN            1
  EVENT          611 , RUN            1
  EVENT          612 , RUN            1
  EVENT          613 , RUN            1
  EVENT          614 , RUN            1
  EVENT          615 , RUN            1
  EVENT          616 , RUN            1
  EVENT          617 , RUN            1
  EVENT          618 , RUN            1
  EVENT          619 , RUN            1
  EVENT          620 , RUN            1
  EVENT          621 , RUN            1
  EVENT          622 , RUN            1
  EVENT          623 , RUN            1
  EVENT          624 , RUN            1
  EVENT          625 , RUN            1
  EVENT          626 , RUN            1
  EVENT          627 , RUN            1
  EVENT          628 , RUN            1
  EVENT          629 , RUN            1
  EVENT          630 , RUN            1
  EVENT          631 , RUN            1
  EVENT          632 , RUN            1
  EVENT          633 , RUN            1
  EVENT          634 , RUN            1
  EVENT          635 , RUN            1
  EVENT          636 , RUN            1
  EVENT          637 , RUN            1
  EVENT          638 , RUN            1
  EVENT          639 , RUN            1
  EVENT          640 , RUN            1
  EVENT          641 , RUN            1
  EVENT          642 , RUN            1
  EVENT          643 , RUN            1
  EVENT          644 , RUN            1
  EVENT          645 , RUN            1
  EVENT          646 , RUN            1
  EVENT          647 , RUN            1
  EVENT          648 , RUN            1
  EVENT          649 , RUN            1
  EVENT          650 , RUN            1
  EVENT          651 , RUN            1
  EVENT          652 , RUN            1
  EVENT          653 , RUN            1
  EVENT          654 , RUN            1
  EVENT          655 , RUN            1
  EVENT          656 , RUN            1
  EVENT          657 , RUN            1
  EVENT          658 , RUN            1
  EVENT          659 , RUN            1
  EVENT          660 , RUN            1
  EVENT          661 , RUN            1
  EVENT          662 , RUN            1
  EVENT          663 , RUN            1
  EVENT          664 , RUN            1
  EVENT          665 , RUN            1
  EVENT          666 , RUN            1
  EVENT          667 , RUN            1
  EVENT          668 , RUN            1
  EVENT          669 , RUN            1
  EVENT          670 , RUN            1
  EVENT          671 , RUN            1
  EVENT          672 , RUN            1
  EVENT          673 , RUN            1
  EVENT          674 , RUN            1
  EVENT          675 , RUN            1
  EVENT          676 , RUN            1
  EVENT          677 , RUN            1
  EVENT          678 , RUN            1
  EVENT          679 , RUN            1
  EVENT          680 , RUN            1
  EVENT          681 , RUN            1
  EVENT          682 , RUN            1
  EVENT          683 , RUN            1
  EVENT          684 , RUN            1
  EVENT          685 , RUN            1
  EVENT          686 , RUN            1
  EVENT          687 , RUN            1
  EVENT          688 , RUN            1
  EVENT          689 , RUN            1
  EVENT          690 , RUN            1
  EVENT          691 , RUN            1
  EVENT          692 , RUN            1
  EVENT          693 , RUN            1
  EVENT          694 , RUN            1
  EVENT          695 , RUN            1
  EVENT          696 , RUN            1
  EVENT          697 , RUN            1
  EVENT          698 , RUN            1
  EVENT          699 , RUN            1
  EVENT          700 , RUN            1
  EVENT          701 , RUN            1
  EVENT          702 , RUN            1
  EVENT          703 , RUN            1
  EVENT          704 , RUN            1
  EVENT          705 , RUN            1
  EVENT          706 , RUN            1
  EVENT          707 , RUN            1
  EVENT          708 , RUN            1
  EVENT          709 , RUN            1
  EVENT          710 , RUN            1
  EVENT          711 , RUN            1
  EVENT          712 , RUN            1
  EVENT          713 , RUN            1
  EVENT          714 , RUN            1
  EVENT          715 , RUN            1
  EVENT          716 , RUN            1
  EVENT          717 , RUN            1
  EVENT          718 , RUN            1
  EVENT          719 , RUN            1
  EVENT          720 , RUN            1
  EVENT          721 , RUN            1
  EVENT          722 , RUN            1
  EVENT          723 , RUN            1
  EVENT          724 , RUN            1
  EVENT          725 , RUN            1
  EVENT          726 , RUN            1
  EVENT          727 , RUN            1
  EVENT          728 , RUN            1
  EVENT          729 , RUN            1
  EVENT          730 , RUN            1
  EVENT          731 , RUN            1
  EVENT          732 , RUN            1
  EVENT          733 , RUN            1
  EVENT          734 , RUN            1
  EVENT          735 , RUN            1
  EVENT          736 , RUN            1
  EVENT          737 , RUN            1
  EVENT          738 , RUN            1
  EVENT          739 , RUN            1
  EVENT          740 , RUN            1
  EVENT          741 , RUN            1
  EVENT          742 , RUN            1
  EVENT          743 , RUN            1
  EVENT          744 , RUN            1
  EVENT          745 , RUN            1
  EVENT          746 , RUN            1
  EVENT          747 , RUN            1
  EVENT          748 , RUN            1
  EVENT          749 , RUN            1
  EVENT          750 , RUN            1
  EVENT          751 , RUN            1
  EVENT          752 , RUN            1
  EVENT          753 , RUN            1
  EVENT          754 , RUN            1
  EVENT          755 , RUN            1
  EVENT          756 , RUN            1
  EVENT          757 , RUN            1
  EVENT          758 , RUN            1
  EVENT          759 , RUN            1
  EVENT          760 , RUN            1
  EVENT          761 , RUN            1
  EVENT          762 , RUN            1
  EVENT          763 , RUN            1
  EVENT          764 , RUN            1
  EVENT          765 , RUN            1
  EVENT          766 , RUN            1
  EVENT          767 , RUN            1
  EVENT          768 , RUN            1
  EVENT          769 , RUN            1
  EVENT          770 , RUN            1
  EVENT          771 , RUN            1
  EVENT          772 , RUN            1
  EVENT          773 , RUN            1
  EVENT          774 , RUN            1
  EVENT          775 , RUN            1
  EVENT          776 , RUN            1
  EVENT          777 , RUN            1
  EVENT          778 , RUN            1
  EVENT          779 , RUN            1
  EVENT          780 , RUN            1
  EVENT          781 , RUN            1
  EVENT          782 , RUN            1
  EVENT          783 , RUN            1
  EVENT          784 , RUN            1
  EVENT          785 , RUN            1
  EVENT          786 , RUN            1
  EVENT          787 , RUN            1
  EVENT          788 , RUN            1
  EVENT          789 , RUN            1
  EVENT          790 , RUN            1
  EVENT          791 , RUN            1
  EVENT          792 , RUN            1
  EVENT          793 , RUN            1
  EVENT          794 , RUN            1
  EVENT          795 , RUN            1
  EVENT          796 , RUN            1
  EVENT          797 , RUN            1
  EVENT          798 , RUN            1
  EVENT          799 , RUN            1
  EVENT          800 , RUN            1
  EVENT          801 , RUN            1
  EVENT          802 , RUN            1
  EVENT          803 , RUN            1
  EVENT          804 , RUN            1
  EVENT          805 , RUN            1
  EVENT          806 , RUN            1
  EVENT          807 , RUN            1
  EVENT          808 , RUN            1
  EVENT          809 , RUN            1
  EVENT          810 , RUN            1
  EVENT          811 , RUN            1
  EVENT          812 , RUN            1
  EVENT          813 , RUN            1
  EVENT          814 , RUN            1
  EVENT          815 , RUN            1
  EVENT          816 , RUN            1
  EVENT          817 , RUN            1
  EVENT          818 , RUN            1
  EVENT          819 , RUN            1
  EVENT          820 , RUN            1
  EVENT          821 , RUN            1
  EVENT          822 , RUN            1
  EVENT          823 , RUN            1
  EVENT          824 , RUN            1
  EVENT          825 , RUN            1
  EVENT          826 , RUN            1
  EVENT          827 , RUN            1
  EVENT          828 , RUN            1
  EVENT          829 , RUN            1
  EVENT          830 , RUN            1
  EVENT          831 , RUN            1
  EVENT          832 , RUN            1
  EVENT          833 , RUN            1
  EVENT          834 , RUN            1
  EVENT          835 , RUN            1
  EVENT          836 , RUN            1
  EVENT          837 , RUN            1
  EVENT          838 , RUN            1
  EVENT          839 , RUN            1
  EVENT          840 , RUN            1
  EVENT          841 , RUN            1
  EVENT          842 , RUN            1
  EVENT          843 , RUN            1
  EVENT          844 , RUN            1
  EVENT          845 , RUN            1
  EVENT          846 , RUN            1
  EVENT          847 , RUN            1
  EVENT          848 , RUN            1
  EVENT          849 , RUN            1
  EVENT          850 , RUN            1
  EVENT          851 , RUN            1
  EVENT          852 , RUN            1
  EVENT          853 , RUN            1
  EVENT          854 , RUN            1
  EVENT          855 , RUN            1
  EVENT          856 , RUN            1
  EVENT          857 , RUN            1
  EVENT          858 , RUN            1
  EVENT          859 , RUN            1
  EVENT          860 , RUN            1
  EVENT          861 , RUN            1
  EVENT          862 , RUN            1
  EVENT          863 , RUN            1
  EVENT          864 , RUN            1
  EVENT          865 , RUN            1
  EVENT          866 , RUN            1
  EVENT          867 , RUN            1
  EVENT          868 , RUN            1
  EVENT          869 , RUN            1
  EVENT          870 , RUN            1
  EVENT          871 , RUN            1
  EVENT          872 , RUN            1
  EVENT          873 , RUN            1
  EVENT          874 , RUN            1
 2:I,ft5<|gz5|, reset ft5 to |gz5|         128   1000000.0000000000       -1135651.8638254807       -289705155810.28809     
  EVENT          875 , RUN            1
  EVENT          876 , RUN            1
  EVENT          877 , RUN            1
  EVENT          878 , RUN            1
  EVENT          879 , RUN            1
  EVENT          880 , RUN            1
  EVENT          881 , RUN            1
  EVENT          882 , RUN            1
  EVENT          883 , RUN            1
  EVENT          884 , RUN            1
  EVENT          885 , RUN            1
  EVENT          886 , RUN            1
  EVENT          887 , RUN            1
  EVENT          888 , RUN            1
  EVENT          889 , RUN            1
  EVENT          890 , RUN            1
  EVENT          891 , RUN            1
  EVENT          892 , RUN            1
  EVENT          893 , RUN            1
  EVENT          894 , RUN            1
  EVENT          895 , RUN            1
  EVENT          896 , RUN            1
  EVENT          897 , RUN            1
  EVENT          898 , RUN            1
  EVENT          899 , RUN            1
  EVENT          900 , RUN            1
  EVENT          901 , RUN            1
  EVENT          902 , RUN            1
  EVENT          903 , RUN            1
  EVENT          904 , RUN            1
  EVENT          905 , RUN            1
  EVENT          906 , RUN            1
  EVENT          907 , RUN            1
  EVENT          908 , RUN            1
  EVENT          909 , RUN            1
  EVENT          910 , RUN            1
  EVENT          911 , RUN            1
  EVENT          912 , RUN            1
  EVENT          913 , RUN            1
  EVENT          914 , RUN            1
  EVENT          915 , RUN            1
  EVENT          916 , RUN            1
  EVENT          917 , RUN            1
  EVENT          918 , RUN            1
  EVENT          919 , RUN            1
  EVENT          920 , RUN            1
  EVENT          921 , RUN            1
  EVENT          922 , RUN            1
  EVENT          923 , RUN            1
  EVENT          924 , RUN            1
  EVENT          925 , RUN            1
  EVENT          926 , RUN            1
  EVENT          927 , RUN            1
  EVENT          928 , RUN            1
  EVENT          929 , RUN            1
  EVENT          930 , RUN            1
  EVENT          931 , RUN            1
  EVENT          932 , RUN            1
  EVENT          933 , RUN            1
  EVENT          934 , RUN            1
  EVENT          935 , RUN            1
  EVENT          936 , RUN            1
  EVENT          937 , RUN            1
  EVENT          938 , RUN            1
  EVENT          939 , RUN            1
  EVENT          940 , RUN            1
  EVENT          941 , RUN            1
  EVENT          942 , RUN            1
  EVENT          943 , RUN            1
  EVENT          944 , RUN            1
  EVENT          945 , RUN            1
  EVENT          946 , RUN            1
  EVENT          947 , RUN            1
  EVENT          948 , RUN            1
  EVENT          949 , RUN            1
  EVENT          950 , RUN            1
  EVENT          951 , RUN            1
  EVENT          952 , RUN            1
  EVENT          953 , RUN            1
  EVENT          954 , RUN            1
  EVENT          955 , RUN            1
  EVENT          956 , RUN            1
  EVENT          957 , RUN            1
  EVENT          958 , RUN            1
  EVENT          959 , RUN            1
  EVENT          960 , RUN            1
  EVENT          961 , RUN            1
  EVENT          962 , RUN            1
  EVENT          963 , RUN            1
  EVENT          964 , RUN            1
  EVENT          965 , RUN            1
  EVENT          966 , RUN            1
  EVENT          967 , RUN            1
  EVENT          968 , RUN            1
  EVENT          969 , RUN            1
  EVENT          970 , RUN            1
  EVENT          971 , RUN            1
  EVENT          972 , RUN            1
  EVENT          973 , RUN            1
  EVENT          974 , RUN            1
  EVENT          975 , RUN            1
  EVENT          976 , RUN            1
  EVENT          977 , RUN            1
  EVENT          978 , RUN            1
  EVENT          979 , RUN            1
  EVENT          980 , RUN            1
  EVENT          981 , RUN            1
  EVENT          982 , RUN            1
  EVENT          983 , RUN            1
  EVENT          984 , RUN            1
  EVENT          985 , RUN            1
  EVENT          986 , RUN            1
  EVENT          987 , RUN            1
  EVENT          988 , RUN            1
  EVENT          989 , RUN            1
  EVENT          990 , RUN            1
  EVENT          991 , RUN            1
  EVENT          992 , RUN            1
  EVENT          993 , RUN            1
  EVENT          994 , RUN            1
  EVENT          995 , RUN            1
  EVENT          996 , RUN            1
  EVENT          997 , RUN            1
  EVENT          998 , RUN            1
  EVENT          999 , RUN            1
  EVENT         1000 , RUN            1
  EVENT         1001 , RUN            1
  EVENT         1002 , RUN            1
  EVENT         1003 , RUN            1
  EVENT         1004 , RUN            1
  EVENT         1005 , RUN            1
  EVENT         1006 , RUN            1
  EVENT         1007 , RUN            1
  EVENT         1008 , RUN            1
  EVENT         1009 , RUN            1
  EVENT         1010 , RUN            1
  EVENT         1011 , RUN            1
  EVENT         1012 , RUN            1
  EVENT         1013 , RUN            1
  EVENT         1014 , RUN            1
  EVENT         1015 , RUN            1
  EVENT         1016 , RUN            1
  EVENT         1017 , RUN            1
  EVENT         1018 , RUN            1
  EVENT         1019 , RUN            1
  EVENT         1020 , RUN            1
  EVENT         1021 , RUN            1
  EVENT         1022 , RUN            1
  EVENT         1023 , RUN            1
  EVENT         1024 , RUN            1
  EVENT         1025 , RUN            1
  EVENT         1026 , RUN            1
  EVENT         1027 , RUN            1
  EVENT         1028 , RUN            1
  EVENT         1029 , RUN            1
  EVENT         1030 , RUN            1
  EVENT         1031 , RUN            1
  EVENT         1032 , RUN            1
  EVENT         1033 , RUN            1
  EVENT         1034 , RUN            1
  EVENT         1035 , RUN            1
  EVENT         1036 , RUN            1
  EVENT         1037 , RUN            1
  EVENT         1038 , RUN            1
  EVENT         1039 , RUN            1
  EVENT         1040 , RUN            1
  EVENT         1041 , RUN            1
  EVENT         1042 , RUN            1
  EVENT         1043 , RUN            1
  EVENT         1044 , RUN            1
  EVENT         1045 , RUN            1
  EVENT         1046 , RUN            1
  EVENT         1047 , RUN            1
  EVENT         1048 , RUN            1
  EVENT         1049 , RUN            1
  EVENT         1050 , RUN            1
  EVENT         1051 , RUN            1
  EVENT         1052 , RUN            1
  EVENT         1053 , RUN            1
  EVENT         1054 , RUN            1
  EVENT         1055 , RUN            1
  EVENT         1056 , RUN            1
  EVENT         1057 , RUN            1
  EVENT         1058 , RUN            1
  EVENT         1059 , RUN            1
  EVENT         1060 , RUN            1
  EVENT         1061 , RUN            1
  EVENT         1062 , RUN            1
  EVENT         1063 , RUN            1
  EVENT         1064 , RUN            1
  EVENT         1065 , RUN            1
  EVENT         1066 , RUN            1
  EVENT         1067 , RUN            1
  EVENT         1068 , RUN            1
  EVENT         1069 , RUN            1
  EVENT         1070 , RUN            1
  EVENT         1071 , RUN            1
  EVENT         1072 , RUN            1
  EVENT         1073 , RUN            1
  EVENT         1074 , RUN            1
  EVENT         1075 , RUN            1
  EVENT         1076 , RUN            1
  EVENT         1077 , RUN            1
  EVENT         1078 , RUN            1
  EVENT         1079 , RUN            1
  EVENT         1080 , RUN            1
  EVENT         1081 , RUN            1
  EVENT         1082 , RUN            1
  EVENT         1083 , RUN            1
  EVENT         1084 , RUN            1
  EVENT         1085 , RUN            1
  EVENT         1086 , RUN            1
  EVENT         1087 , RUN            1
  EVENT         1088 , RUN            1
  EVENT         1089 , RUN            1
  EVENT         1090 , RUN            1
  EVENT         1091 , RUN            1
  EVENT         1092 , RUN            1
  EVENT         1093 , RUN            1
  EVENT         1094 , RUN            1
  EVENT         1095 , RUN            1
  EVENT         1096 , RUN            1
  EVENT         1097 , RUN            1
  EVENT         1098 , RUN            1
  EVENT         1099 , RUN            1
  EVENT         1100 , RUN            1
  EVENT         1101 , RUN            1
  EVENT         1102 , RUN            1
  EVENT         1103 , RUN            1
  EVENT         1104 , RUN            1
  EVENT         1105 , RUN            1
  EVENT         1106 , RUN            1
  EVENT         1107 , RUN            1
  EVENT         1108 , RUN            1
  EVENT         1109 , RUN            1
  EVENT         1110 , RUN            1
  EVENT         1111 , RUN            1
  EVENT         1112 , RUN            1
  EVENT         1113 , RUN            1
  EVENT         1114 , RUN            1
  EVENT         1115 , RUN            1
  EVENT         1116 , RUN            1
  EVENT         1117 , RUN            1
  EVENT         1118 , RUN            1
  EVENT         1119 , RUN            1
  EVENT         1120 , RUN            1
  EVENT         1121 , RUN            1
  EVENT         1122 , RUN            1
  EVENT         1123 , RUN            1
  EVENT         1124 , RUN            1
  EVENT         1125 , RUN            1
  EVENT         1126 , RUN            1
  EVENT         1127 , RUN            1
  EVENT         1128 , RUN            1
  EVENT         1129 , RUN            1
  EVENT         1130 , RUN            1
  EVENT         1131 , RUN            1
  EVENT         1132 , RUN            1
  EVENT         1133 , RUN            1
  EVENT         1134 , RUN            1
  EVENT         1135 , RUN            1
  EVENT         1136 , RUN            1
  EVENT         1137 , RUN            1
  EVENT         1138 , RUN            1
  EVENT         1139 , RUN            1
  EVENT         1140 , RUN            1
  EVENT         1141 , RUN            1
  EVENT         1142 , RUN            1
  EVENT         1143 , RUN            1
  EVENT         1144 , RUN            1
  EVENT         1145 , RUN            1
  EVENT         1146 , RUN            1
  EVENT         1147 , RUN            1
  EVENT         1148 , RUN            1
  EVENT         1149 , RUN            1
  EVENT         1150 , RUN            1
  EVENT         1151 , RUN            1
  EVENT         1152 , RUN            1
  EVENT         1153 , RUN            1
  EVENT         1154 , RUN            1
  EVENT         1155 , RUN            1
  EVENT         1156 , RUN            1
  EVENT         1157 , RUN            1
  EVENT         1158 , RUN            1
  EVENT         1159 , RUN            1
  EVENT         1160 , RUN            1
  EVENT         1161 , RUN            1
  EVENT         1162 , RUN            1
  EVENT         1163 , RUN            1
  EVENT         1164 , RUN            1
  EVENT         1165 , RUN            1
  EVENT         1166 , RUN            1
  EVENT         1167 , RUN            1
  EVENT         1168 , RUN            1
  EVENT         1169 , RUN            1
  EVENT         1170 , RUN            1
  EVENT         1171 , RUN            1
  EVENT         1172 , RUN            1
  EVENT         1173 , RUN            1
  EVENT         1174 , RUN            1
  EVENT         1175 , RUN            1
  EVENT         1176 , RUN            1
  EVENT         1177 , RUN            1
  EVENT         1178 , RUN            1
  EVENT         1179 , RUN            1
  EVENT         1180 , RUN            1
  EVENT         1181 , RUN            1
  EVENT         1182 , RUN            1
  EVENT         1183 , RUN            1
  EVENT         1184 , RUN            1
  EVENT         1185 , RUN            1
  EVENT         1186 , RUN            1
  EVENT         1187 , RUN            1
  EVENT         1188 , RUN            1
  EVENT         1189 , RUN            1
  EVENT         1190 , RUN            1
  EVENT         1191 , RUN            1
  EVENT         1192 , RUN            1
  EVENT         1193 , RUN            1
  EVENT         1194 , RUN            1
  EVENT         1195 , RUN            1
  EVENT         1196 , RUN            1
  EVENT         1197 , RUN            1
  EVENT         1198 , RUN            1
  EVENT         1199 , RUN            1
  EVENT         1200 , RUN            1
  EVENT         1201 , RUN            1
  EVENT         1202 , RUN            1
  EVENT         1203 , RUN            1
  EVENT         1204 , RUN            1
  EVENT         1205 , RUN            1
  EVENT         1206 , RUN            1
  EVENT         1207 , RUN            1
  EVENT         1208 , RUN            1
  EVENT         1209 , RUN            1
  EVENT         1210 , RUN            1
  EVENT         1211 , RUN            1
  EVENT         1212 , RUN            1
  EVENT         1213 , RUN            1
  EVENT         1214 , RUN            1
  EVENT         1215 , RUN            1
  EVENT         1216 , RUN            1
  EVENT         1217 , RUN            1
  EVENT         1218 , RUN            1
  EVENT         1219 , RUN            1
  EVENT         1220 , RUN            1
  EVENT         1221 , RUN            1
  EVENT         1222 , RUN            1
  EVENT         1223 , RUN            1
  EVENT         1224 , RUN            1
  EVENT         1225 , RUN            1
  EVENT         1226 , RUN            1
  EVENT         1227 , RUN            1
  EVENT         1228 , RUN            1
  EVENT         1229 , RUN            1
  EVENT         1230 , RUN            1
  EVENT         1231 , RUN            1
  EVENT         1232 , RUN            1
  EVENT         1233 , RUN            1
  EVENT         1234 , RUN            1
  EVENT         1235 , RUN            1
  EVENT         1236 , RUN            1
  EVENT         1237 , RUN            1
  EVENT         1238 , RUN            1
  EVENT         1239 , RUN            1
  EVENT         1240 , RUN            1
  EVENT         1241 , RUN            1
  EVENT         1242 , RUN            1
  EVENT         1243 , RUN            1
  EVENT         1244 , RUN            1
  EVENT         1245 , RUN            1
  EVENT         1246 , RUN            1
  EVENT         1247 , RUN            1
  EVENT         1248 , RUN            1
  EVENT         1249 , RUN            1
  EVENT         1250 , RUN            1
  EVENT         1251 , RUN            1
  EVENT         1252 , RUN            1
  EVENT         1253 , RUN            1
  EVENT         1254 , RUN            1
  EVENT         1255 , RUN            1
  EVENT         1256 , RUN            1
  EVENT         1257 , RUN            1
  EVENT         1258 , RUN            1
  EVENT         1259 , RUN            1
  EVENT         1260 , RUN            1
  EVENT         1261 , RUN            1
  EVENT         1262 , RUN            1
  EVENT         1263 , RUN            1
  EVENT         1264 , RUN            1
  EVENT         1265 , RUN            1
  EVENT         1266 , RUN            1
  EVENT         1267 , RUN            1
  EVENT         1268 , RUN            1
  EVENT         1269 , RUN            1
  EVENT         1270 , RUN            1
  EVENT         1271 , RUN            1
  EVENT         1272 , RUN            1
  EVENT         1273 , RUN            1
  EVENT         1274 , RUN            1
  EVENT         1275 , RUN            1
  EVENT         1276 , RUN            1
  EVENT         1277 , RUN            1
  EVENT         1278 , RUN            1
  EVENT         1279 , RUN            1
  EVENT         1280 , RUN            1
  EVENT         1281 , RUN            1
  EVENT         1282 , RUN            1
  EVENT         1283 , RUN            1
  EVENT         1284 , RUN            1
  EVENT         1285 , RUN            1
  EVENT         1286 , RUN            1
  EVENT         1287 , RUN            1
  EVENT         1288 , RUN            1
  EVENT         1289 , RUN            1
  EVENT         1290 , RUN            1
  EVENT         1291 , RUN            1
  EVENT         1292 , RUN            1
  EVENT         1293 , RUN            1
  EVENT         1294 , RUN            1
  EVENT         1295 , RUN            1
  EVENT         1296 , RUN            1
  EVENT         1297 , RUN            1
  EVENT         1298 , RUN            1
  EVENT         1299 , RUN            1
  EVENT         1300 , RUN            1
  EVENT         1301 , RUN            1
  EVENT         1302 , RUN            1
  EVENT         1303 , RUN            1
  EVENT         1304 , RUN            1
  EVENT         1305 , RUN            1
  EVENT         1306 , RUN            1
  EVENT         1307 , RUN            1
  EVENT         1308 , RUN            1
  EVENT         1309 , RUN            1
  EVENT         1310 , RUN            1
  EVENT         1311 , RUN            1
  EVENT         1312 , RUN            1
  EVENT         1313 , RUN            1
  EVENT         1314 , RUN            1
  EVENT         1315 , RUN            1
  EVENT         1316 , RUN            1
  EVENT         1317 , RUN            1
  EVENT         1318 , RUN            1
  EVENT         1319 , RUN            1
  EVENT         1320 , RUN            1
  EVENT         1321 , RUN            1
  EVENT         1322 , RUN            1
  EVENT         1323 , RUN            1
  EVENT         1324 , RUN            1
  EVENT         1325 , RUN            1
  EVENT         1326 , RUN            1
  EVENT         1327 , RUN            1
  EVENT         1328 , RUN            1
  EVENT         1329 , RUN            1
  EVENT         1330 , RUN            1
  EVENT         1331 , RUN            1
  EVENT         1332 , RUN            1
  EVENT         1333 , RUN            1
  EVENT         1334 , RUN            1
  EVENT         1335 , RUN            1
  EVENT         1336 , RUN            1
  EVENT         1337 , RUN            1
  EVENT         1338 , RUN            1
  EVENT         1339 , RUN            1
  EVENT         1340 , RUN            1
  EVENT         1341 , RUN            1
  EVENT         1342 , RUN            1
  EVENT         1343 , RUN            1
  EVENT         1344 , RUN            1
  EVENT         1345 , RUN            1
  EVENT         1346 , RUN            1
  EVENT         1347 , RUN            1
  EVENT         1348 , RUN            1
  EVENT         1349 , RUN            1
  EVENT         1350 , RUN            1
  EVENT         1351 , RUN            1
  EVENT         1352 , RUN            1
  EVENT         1353 , RUN            1
  EVENT         1354 , RUN            1
  EVENT         1355 , RUN            1
  EVENT         1356 , RUN            1
  EVENT         1357 , RUN            1
  EVENT         1358 , RUN            1
  EVENT         1359 , RUN            1
  EVENT         1360 , RUN            1
  EVENT         1361 , RUN            1
  EVENT         1362 , RUN            1
  EVENT         1363 , RUN            1
  EVENT         1364 , RUN            1
  EVENT         1365 , RUN            1
  EVENT         1366 , RUN            1
  EVENT         1367 , RUN            1
  EVENT         1368 , RUN            1
  EVENT         1369 , RUN            1
  EVENT         1370 , RUN            1
  EVENT         1371 , RUN            1
  EVENT         1372 , RUN            1
  EVENT         1373 , RUN            1
  EVENT         1374 , RUN            1
  EVENT         1375 , RUN            1
  EVENT         1376 , RUN            1
  EVENT         1377 , RUN            1
  EVENT         1378 , RUN            1
  EVENT         1379 , RUN            1
  EVENT         1380 , RUN            1
  EVENT         1381 , RUN            1
  EVENT         1382 , RUN            1
  EVENT         1383 , RUN            1
  EVENT         1384 , RUN            1
  EVENT         1385 , RUN            1
  EVENT         1386 , RUN            1
  EVENT         1387 , RUN            1
  EVENT         1388 , RUN            1
  EVENT         1389 , RUN            1
  EVENT         1390 , RUN            1
  EVENT         1391 , RUN            1
  EVENT         1392 , RUN            1
  EVENT         1393 , RUN            1
  EVENT         1394 , RUN            1
  EVENT         1395 , RUN            1
  EVENT         1396 , RUN            1
  EVENT         1397 , RUN            1
  EVENT         1398 , RUN            1
  EVENT         1399 , RUN            1
  EVENT         1400 , RUN            1
  EVENT         1401 , RUN            1
  EVENT         1402 , RUN            1
  EVENT         1403 , RUN            1
  EVENT         1404 , RUN            1
  EVENT         1405 , RUN            1
  EVENT         1406 , RUN            1
  EVENT         1407 , RUN            1
  EVENT         1408 , RUN            1
  EVENT         1409 , RUN            1
  EVENT         1410 , RUN            1
  EVENT         1411 , RUN            1
  EVENT         1412 , RUN            1
  EVENT         1413 , RUN            1
  EVENT         1414 , RUN            1
  EVENT         1415 , RUN            1
  EVENT         1416 , RUN            1
  EVENT         1417 , RUN            1
  EVENT         1418 , RUN            1
  EVENT         1419 , RUN            1
  EVENT         1420 , RUN            1
  EVENT         1421 , RUN            1
  EVENT         1422 , RUN            1
  EVENT         1423 , RUN            1
  EVENT         1424 , RUN            1
  EVENT         1425 , RUN            1
  EVENT         1426 , RUN            1
  EVENT         1427 , RUN            1
  EVENT         1428 , RUN            1
  EVENT         1429 , RUN            1
  EVENT         1430 , RUN            1
  EVENT         1431 , RUN            1
  EVENT         1432 , RUN            1
  EVENT         1433 , RUN            1
  EVENT         1434 , RUN            1
  EVENT         1435 , RUN            1
  EVENT         1436 , RUN            1
  EVENT         1437 , RUN            1
  EVENT         1438 , RUN            1
  EVENT         1439 , RUN            1
  EVENT         1440 , RUN            1
  EVENT         1441 , RUN            1
  EVENT         1442 , RUN            1
  EVENT         1443 , RUN            1
  EVENT         1444 , RUN            1
  EVENT         1445 , RUN            1
  EVENT         1446 , RUN            1
  EVENT         1447 , RUN            1
  EVENT         1448 , RUN            1
  EVENT         1449 , RUN            1
  EVENT         1450 , RUN            1
  EVENT         1451 , RUN            1
  EVENT         1452 , RUN            1
  EVENT         1453 , RUN            1
  EVENT         1454 , RUN            1
  EVENT         1455 , RUN            1
  EVENT         1456 , RUN            1
  EVENT         1457 , RUN            1
  EVENT         1458 , RUN            1
  EVENT         1459 , RUN            1
  EVENT         1460 , RUN            1
  EVENT         1461 , RUN            1
  EVENT         1462 , RUN            1
  EVENT         1463 , RUN            1
  EVENT         1464 , RUN            1
  EVENT         1465 , RUN            1
  EVENT         1466 , RUN            1
  EVENT         1467 , RUN            1
  EVENT         1468 , RUN            1
  EVENT         1469 , RUN            1
  EVENT         1470 , RUN            1
  EVENT         1471 , RUN            1
  EVENT         1472 , RUN            1
  EVENT         1473 , RUN            1
  EVENT         1474 , RUN            1
  EVENT         1475 , RUN            1
  EVENT         1476 , RUN            1
  EVENT         1477 , RUN            1
  EVENT         1478 , RUN            1
  EVENT         1479 , RUN            1
  EVENT         1480 , RUN            1
  EVENT         1481 , RUN            1
  EVENT         1482 , RUN            1
  EVENT         1483 , RUN            1
  EVENT         1484 , RUN            1
  EVENT         1485 , RUN            1
  EVENT         1486 , RUN            1
  EVENT         1487 , RUN            1
  EVENT         1488 , RUN            1
  EVENT         1489 , RUN            1
  EVENT         1490 , RUN            1
  EVENT         1491 , RUN            1
  EVENT         1492 , RUN            1
  EVENT         1493 , RUN            1
  EVENT         1494 , RUN            1
  EVENT         1495 , RUN            1
  EVENT         1496 , RUN            1
  EVENT         1497 , RUN            1
  EVENT         1498 , RUN            1
  EVENT         1499 , RUN            1
  EVENT         1500 , RUN            1
  EVENT         1501 , RUN            1
  EVENT         1502 , RUN            1
  EVENT         1503 , RUN            1
  EVENT         1504 , RUN            1
  EVENT         1505 , RUN            1
  EVENT         1506 , RUN            1
  EVENT         1507 , RUN            1
  EVENT         1508 , RUN            1
  EVENT         1509 , RUN            1
  EVENT         1510 , RUN            1
  EVENT         1511 , RUN            1
  EVENT         1512 , RUN            1
  EVENT         1513 , RUN            1
  EVENT         1514 , RUN            1
  EVENT         1515 , RUN            1
  EVENT         1516 , RUN            1
  EVENT         1517 , RUN            1
  EVENT         1518 , RUN            1
  EVENT         1519 , RUN            1
  EVENT         1520 , RUN            1
  EVENT         1521 , RUN            1
 2:I,ft5<|gz5|, reset ft5 to |gz5|          89   1000000.0000000000        21362493.153911587       -455356113750919.44     
  EVENT         1522 , RUN            1
  EVENT         1523 , RUN            1
  EVENT         1524 , RUN            1
  EVENT         1525 , RUN            1
  EVENT         1526 , RUN            1
  EVENT         1527 , RUN            1
  EVENT         1528 , RUN            1
  EVENT         1529 , RUN            1
  EVENT         1530 , RUN            1
  EVENT         1531 , RUN            1
  EVENT         1532 , RUN            1
  EVENT         1533 , RUN            1
  EVENT         1534 , RUN            1
  EVENT         1535 , RUN            1
  EVENT         1536 , RUN            1
  EVENT         1537 , RUN            1
  EVENT         1538 , RUN            1
  EVENT         1539 , RUN            1
  EVENT         1540 , RUN            1
  EVENT         1541 , RUN            1
  EVENT         1542 , RUN            1
  EVENT         1543 , RUN            1
  EVENT         1544 , RUN            1
  EVENT         1545 , RUN            1
  EVENT         1546 , RUN            1
  EVENT         1547 , RUN            1
  EVENT         1548 , RUN            1
  EVENT         1549 , RUN            1
  EVENT         1550 , RUN            1
  EVENT         1551 , RUN            1
  EVENT         1552 , RUN            1
  EVENT         1553 , RUN            1
  EVENT         1554 , RUN            1
  EVENT         1555 , RUN            1
  EVENT         1556 , RUN            1
  EVENT         1557 , RUN            1
  EVENT         1558 , RUN            1
  EVENT         1559 , RUN            1
  EVENT         1560 , RUN            1
  EVENT         1561 , RUN            1
  EVENT         1562 , RUN            1
  EVENT         1563 , RUN            1
  EVENT         1564 , RUN            1
  EVENT         1565 , RUN            1
  EVENT         1566 , RUN            1
  EVENT         1567 , RUN            1
  EVENT         1568 , RUN            1
  EVENT         1569 , RUN            1
  EVENT         1570 , RUN            1
  EVENT         1571 , RUN            1
  EVENT         1572 , RUN            1
  EVENT         1573 , RUN            1
  EVENT         1574 , RUN            1
  EVENT         1575 , RUN            1
  EVENT         1576 , RUN            1
  EVENT         1577 , RUN            1
  EVENT         1578 , RUN            1
  EVENT         1579 , RUN            1
  EVENT         1580 , RUN            1
  EVENT         1581 , RUN            1
  EVENT         1582 , RUN            1
  EVENT         1583 , RUN            1
  EVENT         1584 , RUN            1
  EVENT         1585 , RUN            1
  EVENT         1586 , RUN            1
  EVENT         1587 , RUN            1
  EVENT         1588 , RUN            1
  EVENT         1589 , RUN            1
  EVENT         1590 , RUN            1
  EVENT         1591 , RUN            1
  EVENT         1592 , RUN            1
  EVENT         1593 , RUN            1
  EVENT         1594 , RUN            1
  EVENT         1595 , RUN            1
  EVENT         1596 , RUN            1
  EVENT         1597 , RUN            1
  EVENT         1598 , RUN            1
  EVENT         1599 , RUN            1
  EVENT         1600 , RUN            1
  EVENT         1601 , RUN            1
  EVENT         1602 , RUN            1
  EVENT         1603 , RUN            1
  EVENT         1604 , RUN            1
  EVENT         1605 , RUN            1
  EVENT         1606 , RUN            1
  EVENT         1607 , RUN            1
  EVENT         1608 , RUN            1
  EVENT         1609 , RUN            1
  EVENT         1610 , RUN            1
  EVENT         1611 , RUN            1
  EVENT         1612 , RUN            1
  EVENT         1613 , RUN            1
  EVENT         1614 , RUN            1
  EVENT         1615 , RUN            1
  EVENT         1616 , RUN            1
  EVENT         1617 , RUN            1
  EVENT         1618 , RUN            1
  EVENT         1619 , RUN            1
  EVENT         1620 , RUN            1
  EVENT         1621 , RUN            1
  EVENT         1622 , RUN            1
  EVENT         1623 , RUN            1
  EVENT         1624 , RUN            1
  EVENT         1625 , RUN            1
  EVENT         1626 , RUN            1
  EVENT         1627 , RUN            1
  EVENT         1628 , RUN            1
  EVENT         1629 , RUN            1
  EVENT         1630 , RUN            1
  EVENT         1631 , RUN            1
  EVENT         1632 , RUN            1
  EVENT         1633 , RUN            1
  EVENT         1634 , RUN            1
  EVENT         1635 , RUN            1
  EVENT         1636 , RUN            1
  EVENT         1637 , RUN            1
  EVENT         1638 , RUN            1
  EVENT         1639 , RUN            1
  EVENT         1640 , RUN            1
  EVENT         1641 , RUN            1
  EVENT         1642 , RUN            1
  EVENT         1643 , RUN            1
  EVENT         1644 , RUN            1
  EVENT         1645 , RUN            1
  EVENT         1646 , RUN            1
  EVENT         1647 , RUN            1
  EVENT         1648 , RUN            1
  EVENT         1649 , RUN            1
  EVENT         1650 , RUN            1
  EVENT         1651 , RUN            1
  EVENT         1652 , RUN            1
  EVENT         1653 , RUN            1
  EVENT         1654 , RUN            1
  EVENT         1655 , RUN            1
  EVENT         1656 , RUN            1
  EVENT         1657 , RUN            1
  EVENT         1658 , RUN            1
  EVENT         1659 , RUN            1
  EVENT         1660 , RUN            1
  EVENT         1661 , RUN            1
  EVENT         1662 , RUN            1
  EVENT         1663 , RUN            1
  EVENT         1664 , RUN            1
  EVENT         1665 , RUN            1
  EVENT         1666 , RUN            1
  EVENT         1667 , RUN            1
  EVENT         1668 , RUN            1
  EVENT         1669 , RUN            1
  EVENT         1670 , RUN            1
  EVENT         1671 , RUN            1
  EVENT         1672 , RUN            1
  EVENT         1673 , RUN            1
  EVENT         1674 , RUN            1
  EVENT         1675 , RUN            1
  EVENT         1676 , RUN            1
  EVENT         1677 , RUN            1
  EVENT         1678 , RUN            1
 2:I,ft5<|gz5|, reset ft5 to |gz5|         179   1000000.0000000000       -3041709.9711752022       -8251999548746.6484     
  EVENT         1679 , RUN            1
 2:I,ft5<|gz5|, reset ft5 to |gz5|          59   1000000.0000000000       -2639310.4426387670       -5965959612622.0439     
 2:I,ft5<|gz5|, reset ft5 to |gz5|          60   1000000.0000000000       -1853276.5000265855       -2434633785550.7905     
 2:I,ft5<|gz5|, reset ft5 to |gz5|          61   1000000.0000000000        2161841.7969183214       -3673559954903.0371     
  EVENT         1680 , RUN            1
  EVENT         1681 , RUN            1
  EVENT         1682 , RUN            1
  EVENT         1683 , RUN            1
  EVENT         1684 , RUN            1
  EVENT         1685 , RUN            1
  EVENT         1686 , RUN            1
  EVENT         1687 , RUN            1
  EVENT         1688 , RUN            1
  EVENT         1689 , RUN            1
  EVENT         1690 , RUN            1
  EVENT         1691 , RUN            1
  EVENT         1692 , RUN            1
  EVENT         1693 , RUN            1
  EVENT         1694 , RUN            1
  EVENT         1695 , RUN            1
  EVENT         1696 , RUN            1
  EVENT         1697 , RUN            1
  EVENT         1698 , RUN            1
  EVENT         1699 , RUN            1
  EVENT         1700 , RUN            1
  EVENT         1701 , RUN            1
  EVENT         1702 , RUN            1
  EVENT         1703 , RUN            1
  EVENT         1704 , RUN            1
  EVENT         1705 , RUN            1
  EVENT         1706 , RUN            1
  EVENT         1707 , RUN            1
  EVENT         1708 , RUN            1
  EVENT         1709 , RUN            1
  EVENT         1710 , RUN            1
  EVENT         1711 , RUN            1
  EVENT         1712 , RUN            1
  EVENT         1713 , RUN            1
  EVENT         1714 , RUN            1
  EVENT         1715 , RUN            1
  EVENT         1716 , RUN            1
  EVENT         1717 , RUN            1
  EVENT         1718 , RUN            1
  EVENT         1719 , RUN            1
  EVENT         1720 , RUN            1
  EVENT         1721 , RUN            1
  EVENT         1722 , RUN            1
  EVENT         1723 , RUN            1
  EVENT         1724 , RUN            1
 2:I,ft5<|gz5|, reset ft5 to |gz5|          96   1000000.0000000000       -1191478.9308946200       -419622042765.78662     
 2:I,ft5<|gz5|, reset ft5 to |gz5|          97   1000000.0000000000       -1185433.4410896304       -405252443253.60205     
 2:I,ft5<|gz5|, reset ft5 to |gz5|          98   1000000.0000000000       -1147566.1855919533       -316908150314.06543     
 2:I,ft5<|gz5|, reset ft5 to |gz5|          99   1000000.0000000000       -1195663.4833230600       -429611165352.23340     
  EVENT         1725 , RUN            1
  EVENT         1726 , RUN            1
  EVENT         1727 , RUN            1
  EVENT         1728 , RUN            1
  EVENT         1729 , RUN            1
  EVENT         1730 , RUN            1
  EVENT         1731 , RUN            1
  EVENT         1732 , RUN            1
  EVENT         1733 , RUN            1
  EVENT         1734 , RUN            1
  EVENT         1735 , RUN            1
  EVENT         1736 , RUN            1
  EVENT         1737 , RUN            1
  EVENT         1738 , RUN            1
  EVENT         1739 , RUN            1
  EVENT         1740 , RUN            1
  EVENT         1741 , RUN            1
  EVENT         1742 , RUN            1
  EVENT         1743 , RUN            1
  EVENT         1744 , RUN            1
  EVENT         1745 , RUN            1
  EVENT         1746 , RUN            1
  EVENT         1747 , RUN            1
  EVENT         1748 , RUN            1
  EVENT         1749 , RUN            1
  EVENT         1750 , RUN            1
  EVENT         1751 , RUN            1
  EVENT         1752 , RUN            1
  EVENT         1753 , RUN            1
  EVENT         1754 , RUN            1
  EVENT         1755 , RUN            1
  EVENT         1756 , RUN            1
  EVENT         1757 , RUN            1
  EVENT         1758 , RUN            1
  EVENT         1759 , RUN            1
  EVENT         1760 , RUN            1
  EVENT         1761 , RUN            1
  EVENT         1762 , RUN            1
  EVENT         1763 , RUN            1
  EVENT         1764 , RUN            1
  EVENT         1765 , RUN            1
  EVENT         1766 , RUN            1
  EVENT         1767 , RUN            1
  EVENT         1768 , RUN            1
  EVENT         1769 , RUN            1
  EVENT         1770 , RUN            1
  EVENT         1771 , RUN            1
  EVENT         1772 , RUN            1
  EVENT         1773 , RUN            1
  EVENT         1774 , RUN            1
  EVENT         1775 , RUN            1
  EVENT         1776 , RUN            1
  EVENT         1777 , RUN            1
  EVENT         1778 , RUN            1
  EVENT         1779 , RUN            1
  EVENT         1780 , RUN            1
  EVENT         1781 , RUN            1
  EVENT         1782 , RUN            1
  EVENT         1783 , RUN            1
  EVENT         1784 , RUN            1
  EVENT         1785 , RUN            1
  EVENT         1786 , RUN            1
  EVENT         1787 , RUN            1
  EVENT         1788 , RUN            1
  EVENT         1789 , RUN            1
  EVENT         1790 , RUN            1
  EVENT         1791 , RUN            1
  EVENT         1792 , RUN            1
  EVENT         1793 , RUN            1
  EVENT         1794 , RUN            1
  EVENT         1795 , RUN            1
  EVENT         1796 , RUN            1
  EVENT         1797 , RUN            1
  EVENT         1798 , RUN            1
  EVENT         1799 , RUN            1
  EVENT         1800 , RUN            1
  EVENT         1801 , RUN            1
  EVENT         1802 , RUN            1
  EVENT         1803 , RUN            1
  EVENT         1804 , RUN            1
  EVENT         1805 , RUN            1
  EVENT         1806 , RUN            1
  EVENT         1807 , RUN            1
  EVENT         1808 , RUN            1
  EVENT         1809 , RUN            1
  EVENT         1810 , RUN            1
  EVENT         1811 , RUN            1
  EVENT         1812 , RUN            1
  EVENT         1813 , RUN            1
  EVENT         1814 , RUN            1
  EVENT         1815 , RUN            1
  EVENT         1816 , RUN            1
  EVENT         1817 , RUN            1
  EVENT         1818 , RUN            1
  EVENT         1819 , RUN            1
  EVENT         1820 , RUN            1
  EVENT         1821 , RUN            1
  EVENT         1822 , RUN            1
  EVENT         1823 , RUN            1
  EVENT         1824 , RUN            1
  EVENT         1825 , RUN            1
  EVENT         1826 , RUN            1
  EVENT         1827 , RUN            1
  EVENT         1828 , RUN            1
  EVENT         1829 , RUN            1
  EVENT         1830 , RUN            1
  EVENT         1831 , RUN            1
  EVENT         1832 , RUN            1
  EVENT         1833 , RUN            1
  EVENT         1834 , RUN            1
  EVENT         1835 , RUN            1
  EVENT         1836 , RUN            1
  EVENT         1837 , RUN            1
  EVENT         1838 , RUN            1
  EVENT         1839 , RUN            1
 2:I,ft5<|gz5|, reset ft5 to |gz5|         117   1000000.0000000000        1005951.6262025767       -11938674259.608521     
  EVENT         1840 , RUN            1
  EVENT         1841 , RUN            1
  EVENT         1842 , RUN            1
  EVENT         1843 , RUN            1
  EVENT         1844 , RUN            1
  EVENT         1845 , RUN            1
  EVENT         1846 , RUN            1
  EVENT         1847 , RUN            1
  EVENT         1848 , RUN            1
  EVENT         1849 , RUN            1
  EVENT         1850 , RUN            1
  EVENT         1851 , RUN            1
  EVENT         1852 , RUN            1
  EVENT         1853 , RUN            1
  EVENT         1854 , RUN            1
  EVENT         1855 , RUN            1
  EVENT         1856 , RUN            1
  EVENT         1857 , RUN            1
  EVENT         1858 , RUN            1
  EVENT         1859 , RUN            1
  EVENT         1860 , RUN            1
  EVENT         1861 , RUN            1
  EVENT         1862 , RUN            1
  EVENT         1863 , RUN            1
  EVENT         1864 , RUN            1
  EVENT         1865 , RUN            1
  EVENT         1866 , RUN            1
  EVENT         1867 , RUN            1
  EVENT         1868 , RUN            1
  EVENT         1869 , RUN            1
  EVENT         1870 , RUN            1
  EVENT         1871 , RUN            1
  EVENT         1872 , RUN            1
  EVENT         1873 , RUN            1
  EVENT         1874 , RUN            1
  EVENT         1875 , RUN            1
  EVENT         1876 , RUN            1
  EVENT         1877 , RUN            1
  EVENT         1878 , RUN            1
  EVENT         1879 , RUN            1
  EVENT         1880 , RUN            1
  EVENT         1881 , RUN            1
  EVENT         1882 , RUN            1
  EVENT         1883 , RUN            1
  EVENT         1884 , RUN            1
  EVENT         1885 , RUN            1
  EVENT         1886 , RUN            1
  EVENT         1887 , RUN            1
  EVENT         1888 , RUN            1
  EVENT         1889 , RUN            1
  EVENT         1890 , RUN            1
  EVENT         1891 , RUN            1
  EVENT         1892 , RUN            1
  EVENT         1893 , RUN            1
  EVENT         1894 , RUN            1
  EVENT         1895 , RUN            1
  EVENT         1896 , RUN            1
  EVENT         1897 , RUN            1
  EVENT         1898 , RUN            1
  EVENT         1899 , RUN            1
  EVENT         1900 , RUN            1
  EVENT         1901 , RUN            1
  EVENT         1902 , RUN            1
  EVENT         1903 , RUN            1
  EVENT         1904 , RUN            1
 2:I,ft5<|gz5|, reset ft5 to |gz5|         123   1000000.0000000000        1104803.7469347720       -220591319241.11182     
  EVENT         1905 , RUN            1
  EVENT         1906 , RUN            1
  EVENT         1907 , RUN            1
  EVENT         1908 , RUN            1
  EVENT         1909 , RUN            1
  EVENT         1910 , RUN            1
  EVENT         1911 , RUN            1
  EVENT         1912 , RUN            1
  EVENT         1913 , RUN            1
  EVENT         1914 , RUN            1
 2:I,ft5<|gz5|, reset ft5 to |gz5|         206   1000000.0000000000       -2091262.4062244366       -3373378451687.6206     
  EVENT         1915 , RUN            1
  EVENT         1916 , RUN            1
  EVENT         1917 , RUN            1
  EVENT         1918 , RUN            1
  EVENT         1919 , RUN            1
  EVENT         1920 , RUN            1
  EVENT         1921 , RUN            1
  EVENT         1922 , RUN            1
  EVENT         1923 , RUN            1
  EVENT         1924 , RUN            1
  EVENT         1925 , RUN            1
  EVENT         1926 , RUN            1
  EVENT         1927 , RUN            1
  EVENT         1928 , RUN            1
  EVENT         1929 , RUN            1
  EVENT         1930 , RUN            1
  EVENT         1931 , RUN            1
  EVENT         1932 , RUN            1
  EVENT         1933 , RUN            1
  EVENT         1934 , RUN            1
  EVENT         1935 , RUN            1
  EVENT         1936 , RUN            1
  EVENT         1937 , RUN            1
  EVENT         1938 , RUN            1
  EVENT         1939 , RUN            1
  EVENT         1940 , RUN            1
  EVENT         1941 , RUN            1
  EVENT         1942 , RUN            1
  EVENT         1943 , RUN            1
  EVENT         1944 , RUN            1
  EVENT         1945 , RUN            1
  EVENT         1946 , RUN            1
  EVENT         1947 , RUN            1
  EVENT         1948 , RUN            1
  EVENT         1949 , RUN            1
  EVENT         1950 , RUN            1
  EVENT         1951 , RUN            1
  EVENT         1952 , RUN            1
  EVENT         1953 , RUN            1
  EVENT         1954 , RUN            1
  EVENT         1955 , RUN            1
  EVENT         1956 , RUN            1
  EVENT         1957 , RUN            1
  EVENT         1958 , RUN            1
  EVENT         1959 , RUN            1
  EVENT         1960 , RUN            1
  EVENT         1961 , RUN            1
  EVENT         1962 , RUN            1
  EVENT         1963 , RUN            1
  EVENT         1964 , RUN            1
  EVENT         1965 , RUN            1
  EVENT         1966 , RUN            1
  EVENT         1967 , RUN            1
  EVENT         1968 , RUN            1
  EVENT         1969 , RUN            1
  EVENT         1970 , RUN            1
  EVENT         1971 , RUN            1
  EVENT         1972 , RUN            1
  EVENT         1973 , RUN            1
  EVENT         1974 , RUN            1
  EVENT         1975 , RUN            1
  EVENT         1976 , RUN            1
  EVENT         1977 , RUN            1
  EVENT         1978 , RUN            1
  EVENT         1979 , RUN            1
  EVENT         1980 , RUN            1
  EVENT         1981 , RUN            1
  EVENT         1982 , RUN            1
  EVENT         1983 , RUN            1
  EVENT         1984 , RUN            1
  EVENT         1985 , RUN            1
  EVENT         1986 , RUN            1
  EVENT         1987 , RUN            1
  EVENT         1988 , RUN            1
  EVENT         1989 , RUN            1
  EVENT         1990 , RUN            1
  EVENT         1991 , RUN            1
  EVENT         1992 , RUN            1
  EVENT         1993 , RUN            1
  EVENT         1994 , RUN            1
  EVENT         1995 , RUN            1
  EVENT         1996 , RUN            1
  EVENT         1997 , RUN            1
  EVENT         1998 , RUN            1
  EVENT         1999 , RUN            1
  EVENT         2000 , RUN            1
  EVENT         2001 , RUN            1
  EVENT         2002 , RUN            1
  EVENT         2003 , RUN            1
  EVENT         2004 , RUN            1
  EVENT         2005 , RUN            1
  EVENT         2006 , RUN            1
  EVENT         2007 , RUN            1
  EVENT         2008 , RUN            1
  EVENT         2009 , RUN            1
  EVENT         2010 , RUN            1
  EVENT         2011 , RUN            1
  EVENT         2012 , RUN            1
  EVENT         2013 , RUN            1
  EVENT         2014 , RUN            1
  EVENT         2015 , RUN            1
  EVENT         2016 , RUN            1
  EVENT         2017 , RUN            1
  EVENT         2018 , RUN            1
  EVENT         2019 , RUN            1
  EVENT         2020 , RUN            1
  EVENT         2021 , RUN            1
  EVENT         2022 , RUN            1
  EVENT         2023 , RUN            1
  EVENT         2024 , RUN            1
  EVENT         2025 , RUN            1
  EVENT         2026 , RUN            1
  EVENT         2027 , RUN            1
  EVENT         2028 , RUN            1
  EVENT         2029 , RUN            1
  EVENT         2030 , RUN            1
  EVENT         2031 , RUN            1
  EVENT         2032 , RUN            1
  EVENT         2033 , RUN            1
  EVENT         2034 , RUN            1
  EVENT         2035 , RUN            1
  EVENT         2036 , RUN            1
  EVENT         2037 , RUN            1
  EVENT         2038 , RUN            1
  EVENT         2039 , RUN            1
  EVENT         2040 , RUN            1
  EVENT         2041 , RUN            1
  EVENT         2042 , RUN            1
  EVENT         2043 , RUN            1
  EVENT         2044 , RUN            1
  EVENT         2045 , RUN            1
  EVENT         2046 , RUN            1
  EVENT         2047 , RUN            1
  EVENT         2048 , RUN            1
  EVENT         2049 , RUN            1
  EVENT         2050 , RUN            1
  EVENT         2051 , RUN            1
  EVENT         2052 , RUN            1
  EVENT         2053 , RUN            1
  EVENT         2054 , RUN            1
  EVENT         2055 , RUN            1
  EVENT         2056 , RUN            1
  EVENT         2057 , RUN            1
  EVENT         2058 , RUN            1
  EVENT         2059 , RUN            1
  EVENT         2060 , RUN            1
  EVENT         2061 , RUN            1
  EVENT         2062 , RUN            1
  EVENT         2063 , RUN            1
  EVENT         2064 , RUN            1
  EVENT         2065 , RUN            1
  EVENT         2066 , RUN            1
  EVENT         2067 , RUN            1
  EVENT         2068 , RUN            1
  EVENT         2069 , RUN            1
  EVENT         2070 , RUN            1
  EVENT         2071 , RUN            1
  EVENT         2072 , RUN            1
  EVENT         2073 , RUN            1
  EVENT         2074 , RUN            1
  EVENT         2075 , RUN            1
  EVENT         2076 , RUN            1
  EVENT         2077 , RUN            1
  EVENT         2078 , RUN            1
  EVENT         2079 , RUN            1
  EVENT         2080 , RUN            1
  EVENT         2081 , RUN            1
  EVENT         2082 , RUN            1
  EVENT         2083 , RUN            1
  EVENT         2084 , RUN            1
  EVENT         2085 , RUN            1
  EVENT         2086 , RUN            1
  EVENT         2087 , RUN            1
  EVENT         2088 , RUN            1
  EVENT         2089 , RUN            1
  EVENT         2090 , RUN            1
  EVENT         2091 , RUN            1
  EVENT         2092 , RUN            1
  EVENT         2093 , RUN            1
  EVENT         2094 , RUN            1
  EVENT         2095 , RUN            1
  EVENT         2096 , RUN            1
  EVENT         2097 , RUN            1
  EVENT         2098 , RUN            1
  EVENT         2099 , RUN            1
  EVENT         2100 , RUN            1
  EVENT         2101 , RUN            1
  EVENT         2102 , RUN            1
  EVENT         2103 , RUN            1
  EVENT         2104 , RUN            1
  EVENT         2105 , RUN            1
  EVENT         2106 , RUN            1
  EVENT         2107 , RUN            1
  EVENT         2108 , RUN            1
  EVENT         2109 , RUN            1
  EVENT         2110 , RUN            1
  EVENT         2111 , RUN            1
  EVENT         2112 , RUN            1
  EVENT         2113 , RUN            1
  EVENT         2114 , RUN            1
  EVENT         2115 , RUN            1
  EVENT         2116 , RUN            1
  EVENT         2117 , RUN            1
  EVENT         2118 , RUN            1
  EVENT         2119 , RUN            1
  EVENT         2120 , RUN            1
  EVENT         2121 , RUN            1
 2:I,ft5<|gz5|, reset ft5 to |gz5|          93   1000000.0000000000        1421338.6953726315       -1020203686963.5742     
 2:I,ft5<|gz5|, reset ft5 to |gz5|          95   1000000.0000000000       -1605109.1504848280       -1576375384970.1265     
  EVENT         2122 , RUN            1
  EVENT         2123 , RUN            1
  EVENT         2124 , RUN            1
  EVENT         2125 , RUN            1
  EVENT         2126 , RUN            1
  EVENT         2127 , RUN            1
  EVENT         2128 , RUN            1
  EVENT         2129 , RUN            1
  EVENT         2130 , RUN            1
  EVENT         2131 , RUN            1
  EVENT         2132 , RUN            1
  EVENT         2133 , RUN            1
  EVENT         2134 , RUN            1
  EVENT         2135 , RUN            1
  EVENT         2136 , RUN            1
  EVENT         2137 , RUN            1
  EVENT         2138 , RUN            1
  EVENT         2139 , RUN            1
  EVENT         2140 , RUN            1
  EVENT         2141 , RUN            1
  EVENT         2142 , RUN            1
  EVENT         2143 , RUN            1
  EVENT         2144 , RUN            1
  EVENT         2145 , RUN            1
  EVENT         2146 , RUN            1
  EVENT         2147 , RUN            1
  EVENT         2148 , RUN            1
  EVENT         2149 , RUN            1
  EVENT         2150 , RUN            1
  EVENT         2151 , RUN            1
  EVENT         2152 , RUN            1
  EVENT         2153 , RUN            1
  EVENT         2154 , RUN            1
  EVENT         2155 , RUN            1
  EVENT         2156 , RUN            1
  EVENT         2157 , RUN            1
  EVENT         2158 , RUN            1
  EVENT         2159 , RUN            1
  EVENT         2160 , RUN            1
  EVENT         2161 , RUN            1
  EVENT         2162 , RUN            1
  EVENT         2163 , RUN            1
  EVENT         2164 , RUN            1
  EVENT         2165 , RUN            1
  EVENT         2166 , RUN            1
  EVENT         2167 , RUN            1
  EVENT         2168 , RUN            1
  EVENT         2169 , RUN            1
  EVENT         2170 , RUN            1
  EVENT         2171 , RUN            1
  EVENT         2172 , RUN            1
  EVENT         2173 , RUN            1
  EVENT         2174 , RUN            1
  EVENT         2175 , RUN            1
  EVENT         2176 , RUN            1
  EVENT         2177 , RUN            1
  EVENT         2178 , RUN            1
  EVENT         2179 , RUN            1
  EVENT         2180 , RUN            1
  EVENT         2181 , RUN            1
  EVENT         2182 , RUN            1
  EVENT         2183 , RUN            1
  EVENT         2184 , RUN            1
  EVENT         2185 , RUN            1
  EVENT         2186 , RUN            1
  EVENT         2187 , RUN            1
  EVENT         2188 , RUN            1
  EVENT         2189 , RUN            1
  EVENT         2190 , RUN            1
  EVENT         2191 , RUN            1
  EVENT         2192 , RUN            1
  EVENT         2193 , RUN            1
  EVENT         2194 , RUN            1
  EVENT         2195 , RUN            1
  EVENT         2196 , RUN            1
  EVENT         2197 , RUN            1
  EVENT         2198 , RUN            1
  EVENT         2199 , RUN            1
  EVENT         2200 , RUN            1
  EVENT         2201 , RUN            1
  EVENT         2202 , RUN            1
  EVENT         2203 , RUN            1
  EVENT         2204 , RUN            1
  EVENT         2205 , RUN            1
  EVENT         2206 , RUN            1
  EVENT         2207 , RUN            1
  EVENT         2208 , RUN            1
  EVENT         2209 , RUN            1
  EVENT         2210 , RUN            1
  EVENT         2211 , RUN            1
  EVENT         2212 , RUN            1
  EVENT         2213 , RUN            1
  EVENT         2214 , RUN            1
  EVENT         2215 , RUN            1
  EVENT         2216 , RUN            1
  EVENT         2217 , RUN            1
  EVENT         2218 , RUN            1
  EVENT         2219 , RUN            1
  EVENT         2220 , RUN            1
  EVENT         2221 , RUN            1
  EVENT         2222 , RUN            1
  EVENT         2223 , RUN            1
  EVENT         2224 , RUN            1
  EVENT         2225 , RUN            1
  EVENT         2226 , RUN            1
  EVENT         2227 , RUN            1
  EVENT         2228 , RUN            1
  EVENT         2229 , RUN            1
  EVENT         2230 , RUN            1
  EVENT         2231 , RUN            1
  EVENT         2232 , RUN            1
  EVENT         2233 , RUN            1
  EVENT         2234 , RUN            1
  EVENT         2235 , RUN            1
  EVENT         2236 , RUN            1
  EVENT         2237 , RUN            1
  EVENT         2238 , RUN            1
  EVENT         2239 , RUN            1
  EVENT         2240 , RUN            1
  EVENT         2241 , RUN            1
  EVENT         2242 , RUN            1
  EVENT         2243 , RUN            1
  EVENT         2244 , RUN            1
  EVENT         2245 , RUN            1
  EVENT         2246 , RUN            1
  EVENT         2247 , RUN            1
  EVENT         2248 , RUN            1
  EVENT         2249 , RUN            1
  EVENT         2250 , RUN            1
  EVENT         2251 , RUN            1
  EVENT         2252 , RUN            1
  EVENT         2253 , RUN            1
  EVENT         2254 , RUN            1
  EVENT         2255 , RUN            1
  EVENT         2256 , RUN            1
  EVENT         2257 , RUN            1
  EVENT         2258 , RUN            1
  EVENT         2259 , RUN            1
  EVENT         2260 , RUN            1
  EVENT         2261 , RUN            1
  EVENT         2262 , RUN            1
 2:I,ft5<|gz5|, reset ft5 to |gz5|         142   1000000.0000000000       -1117530.3536572773       -248874091345.35938     
  EVENT         2263 , RUN            1
  EVENT         2264 , RUN            1
  EVENT         2265 , RUN            1
  EVENT         2266 , RUN            1
  EVENT         2267 , RUN            1
  EVENT         2268 , RUN            1
  EVENT         2269 , RUN            1
  EVENT         2270 , RUN            1
  EVENT         2271 , RUN            1
  EVENT         2272 , RUN            1
  EVENT         2273 , RUN            1
  EVENT         2274 , RUN            1
  EVENT         2275 , RUN            1
  EVENT         2276 , RUN            1
  EVENT         2277 , RUN            1
  EVENT         2278 , RUN            1
  EVENT         2279 , RUN            1
  EVENT         2280 , RUN            1
  EVENT         2281 , RUN            1
  EVENT         2282 , RUN            1
  EVENT         2283 , RUN            1
  EVENT         2284 , RUN            1
  EVENT         2285 , RUN            1
  EVENT         2286 , RUN            1
  EVENT         2287 , RUN            1
  EVENT         2288 , RUN            1
  EVENT         2289 , RUN            1
  EVENT         2290 , RUN            1
  EVENT         2291 , RUN            1
  EVENT         2292 , RUN            1
  EVENT         2293 , RUN            1
  EVENT         2294 , RUN            1
  EVENT         2295 , RUN            1
  EVENT         2296 , RUN            1
  EVENT         2297 , RUN            1
  EVENT         2298 , RUN            1
  EVENT         2299 , RUN            1
  EVENT         2300 , RUN            1
  EVENT         2301 , RUN            1
  EVENT         2302 , RUN            1
  EVENT         2303 , RUN            1
  EVENT         2304 , RUN            1
  EVENT         2305 , RUN            1
  EVENT         2306 , RUN            1
  EVENT         2307 , RUN            1
  EVENT         2308 , RUN            1
  EVENT         2309 , RUN            1
  EVENT         2310 , RUN            1
  EVENT         2311 , RUN            1
  EVENT         2312 , RUN            1
  EVENT         2313 , RUN            1
  EVENT         2314 , RUN            1
  EVENT         2315 , RUN            1
  EVENT         2316 , RUN            1
  EVENT         2317 , RUN            1
  EVENT         2318 , RUN            1
  EVENT         2319 , RUN            1
  EVENT         2320 , RUN            1
  EVENT         2321 , RUN            1
  EVENT         2322 , RUN            1
  EVENT         2323 , RUN            1
  EVENT         2324 , RUN            1
  EVENT         2325 , RUN            1
  EVENT         2326 , RUN            1
  EVENT         2327 , RUN            1
  EVENT         2328 , RUN            1
  EVENT         2329 , RUN            1
  EVENT         2330 , RUN            1
  EVENT         2331 , RUN            1
  EVENT         2332 , RUN            1
  EVENT         2333 , RUN            1
  EVENT         2334 , RUN            1
  EVENT         2335 , RUN            1
  EVENT         2336 , RUN            1
  EVENT         2337 , RUN            1
  EVENT         2338 , RUN            1
  EVENT         2339 , RUN            1
  EVENT         2340 , RUN            1
  EVENT         2341 , RUN            1
  EVENT         2342 , RUN            1
  EVENT         2343 , RUN            1
  EVENT         2344 , RUN            1
  EVENT         2345 , RUN            1
  EVENT         2346 , RUN            1
  EVENT         2347 , RUN            1
  EVENT         2348 , RUN            1
  EVENT         2349 , RUN            1
  EVENT         2350 , RUN            1
  EVENT         2351 , RUN            1
  EVENT         2352 , RUN            1
  EVENT         2353 , RUN            1
  EVENT         2354 , RUN            1
  EVENT         2355 , RUN            1
  EVENT         2356 , RUN            1
  EVENT         2357 , RUN            1
  EVENT         2358 , RUN            1
  EVENT         2359 , RUN            1
  EVENT         2360 , RUN            1
  EVENT         2361 , RUN            1
  EVENT         2362 , RUN            1
  EVENT         2363 , RUN            1
  EVENT         2364 , RUN            1
  EVENT         2365 , RUN            1
  EVENT         2366 , RUN            1
  EVENT         2367 , RUN            1
  EVENT         2368 , RUN            1
  EVENT         2369 , RUN            1
  EVENT         2370 , RUN            1
  EVENT         2371 , RUN            1
  EVENT         2372 , RUN            1
  EVENT         2373 , RUN            1
  EVENT         2374 , RUN            1
  EVENT         2375 , RUN            1
  EVENT         2376 , RUN            1
  EVENT         2377 , RUN            1
  EVENT         2378 , RUN            1
  EVENT         2379 , RUN            1
  EVENT         2380 , RUN            1
  EVENT         2381 , RUN            1
  EVENT         2382 , RUN            1
  EVENT         2383 , RUN            1
  EVENT         2384 , RUN            1
  EVENT         2385 , RUN            1
  EVENT         2386 , RUN            1
  EVENT         2387 , RUN            1
  EVENT         2388 , RUN            1
  EVENT         2389 , RUN            1
  EVENT         2390 , RUN            1
  EVENT         2391 , RUN            1
  EVENT         2392 , RUN            1
  EVENT         2393 , RUN            1
  EVENT         2394 , RUN            1
  EVENT         2395 , RUN            1
  EVENT         2396 , RUN            1
  EVENT         2397 , RUN            1
  EVENT         2398 , RUN            1
  EVENT         2399 , RUN            1
  EVENT         2400 , RUN            1
  EVENT         2401 , RUN            1
  EVENT         2402 , RUN            1
  EVENT         2403 , RUN            1
  EVENT         2404 , RUN            1
  EVENT         2405 , RUN            1
  EVENT         2406 , RUN            1
  EVENT         2407 , RUN            1
  EVENT         2408 , RUN            1
  EVENT         2409 , RUN            1
  EVENT         2410 , RUN            1
  EVENT         2411 , RUN            1
  EVENT         2412 , RUN            1
 2:I,ft5<|gz5|, reset ft5 to |gz5|         111   1000000.0000000000       -1008155.2984138465       -16377105719.911987     
  EVENT         2413 , RUN            1
  EVENT         2414 , RUN            1
  EVENT         2415 , RUN            1
  EVENT         2416 , RUN            1
  EVENT         2417 , RUN            1
  EVENT         2418 , RUN            1
  EVENT         2419 , RUN            1
  EVENT         2420 , RUN            1
  EVENT         2421 , RUN            1
  EVENT         2422 , RUN            1
  EVENT         2423 , RUN            1
  EVENT         2424 , RUN            1
  EVENT         2425 , RUN            1
  EVENT         2426 , RUN            1
  EVENT         2427 , RUN            1
  EVENT         2428 , RUN            1
  EVENT         2429 , RUN            1
  EVENT         2430 , RUN            1
  EVENT         2431 , RUN            1
  EVENT         2432 , RUN            1
  EVENT         2433 , RUN            1
  EVENT         2434 , RUN            1
  EVENT         2435 , RUN            1
  EVENT         2436 , RUN            1
  EVENT         2437 , RUN            1
  EVENT         2438 , RUN            1
  EVENT         2439 , RUN            1
  EVENT         2440 , RUN            1
  EVENT         2441 , RUN            1
  EVENT         2442 , RUN            1
  EVENT         2443 , RUN            1
  EVENT         2444 , RUN            1
  EVENT         2445 , RUN            1
  EVENT         2446 , RUN            1
  EVENT         2447 , RUN            1
  EVENT         2448 , RUN            1
  EVENT         2449 , RUN            1
  EVENT         2450 , RUN            1
  EVENT         2451 , RUN            1
  EVENT         2452 , RUN            1
  EVENT         2453 , RUN            1
  EVENT         2454 , RUN            1
  EVENT         2455 , RUN            1
  EVENT         2456 , RUN            1
  EVENT         2457 , RUN            1
  EVENT         2458 , RUN            1
  EVENT         2459 , RUN            1
  EVENT         2460 , RUN            1
  EVENT         2461 , RUN            1
 2:I,ft5<|gz5|, reset ft5 to |gz5|         141   1000000.0000000000       -1333502.3656194312       -778228559112.61938     
 2:I,ft5<|gz5|, reset ft5 to |gz5|         142   1000000.0000000000       -1349972.2975868748       -822425204251.98560     
  EVENT         2462 , RUN            1
  EVENT         2463 , RUN            1
  EVENT         2464 , RUN            1
  EVENT         2465 , RUN            1
  EVENT         2466 , RUN            1
  EVENT         2467 , RUN            1
  EVENT         2468 , RUN            1
  EVENT         2469 , RUN            1
  EVENT         2470 , RUN            1
  EVENT         2471 , RUN            1
  EVENT         2472 , RUN            1
  EVENT         2473 , RUN            1
  EVENT         2474 , RUN            1
  EVENT         2475 , RUN            1
  EVENT         2476 , RUN            1
  EVENT         2477 , RUN            1
  EVENT         2478 , RUN            1
  EVENT         2479 , RUN            1
  EVENT         2480 , RUN            1
  EVENT         2481 , RUN            1
  EVENT         2482 , RUN            1
  EVENT         2483 , RUN            1
  EVENT         2484 , RUN            1
  EVENT         2485 , RUN            1
  EVENT         2486 , RUN            1
  EVENT         2487 , RUN            1
  EVENT         2488 , RUN            1
  EVENT         2489 , RUN            1
  EVENT         2490 , RUN            1
  EVENT         2491 , RUN            1
  EVENT         2492 , RUN            1
  EVENT         2493 , RUN            1
  EVENT         2494 , RUN            1
  EVENT         2495 , RUN            1
  EVENT         2496 , RUN            1
  EVENT         2497 , RUN            1
  EVENT         2498 , RUN            1
  EVENT         2499 , RUN            1
  EVENT         2500 , RUN            1
  EVENT         2501 , RUN            1
  EVENT         2502 , RUN            1
  EVENT         2503 , RUN            1
  EVENT         2504 , RUN            1
  EVENT         2505 , RUN            1
  EVENT         2506 , RUN            1
  EVENT         2507 , RUN            1
  EVENT         2508 , RUN            1
  EVENT         2509 , RUN            1
  EVENT         2510 , RUN            1
  EVENT         2511 , RUN            1
  EVENT         2512 , RUN            1
  EVENT         2513 , RUN            1
  EVENT         2514 , RUN            1
  EVENT         2515 , RUN            1
  EVENT         2516 , RUN            1
 2:I,ft5<|gz5|, reset ft5 to |gz5|          53   1000000.0000000000        2016465.7461329750       -3066134105327.6157     
  EVENT         2517 , RUN            1
  EVENT         2518 , RUN            1
  EVENT         2519 , RUN            1
  EVENT         2520 , RUN            1
  EVENT         2521 , RUN            1
  EVENT         2522 , RUN            1
  EVENT         2523 , RUN            1
  EVENT         2524 , RUN            1
  EVENT         2525 , RUN            1
  EVENT         2526 , RUN            1
  EVENT         2527 , RUN            1
  EVENT         2528 , RUN            1
  EVENT         2529 , RUN            1
  EVENT         2530 , RUN            1
  EVENT         2531 , RUN            1
  EVENT         2532 , RUN            1
  EVENT         2533 , RUN            1
  EVENT         2534 , RUN            1
  EVENT         2535 , RUN            1
  EVENT         2536 , RUN            1
  EVENT         2537 , RUN            1
  EVENT         2538 , RUN            1
  EVENT         2539 , RUN            1
  EVENT         2540 , RUN            1
  EVENT         2541 , RUN            1
  EVENT         2542 , RUN            1
  EVENT         2543 , RUN            1
  EVENT         2544 , RUN            1
  EVENT         2545 , RUN            1
  EVENT         2546 , RUN            1
  EVENT         2547 , RUN            1
  EVENT         2548 , RUN            1
  EVENT         2549 , RUN            1
  EVENT         2550 , RUN            1
  EVENT         2551 , RUN            1
  EVENT         2552 , RUN            1
  EVENT         2553 , RUN            1
  EVENT         2554 , RUN            1
  EVENT         2555 , RUN            1
  EVENT         2556 , RUN            1
  EVENT         2557 , RUN            1
  EVENT         2558 , RUN            1
  EVENT         2559 , RUN            1
  EVENT         2560 , RUN            1
  EVENT         2561 , RUN            1
  EVENT         2562 , RUN            1
  EVENT         2563 , RUN            1
  EVENT         2564 , RUN            1
  EVENT         2565 , RUN            1
  EVENT         2566 , RUN            1
  EVENT         2567 , RUN            1
  EVENT         2568 , RUN            1
  EVENT         2569 , RUN            1
  EVENT         2570 , RUN            1
  EVENT         2571 , RUN            1
  EVENT         2572 , RUN            1
  EVENT         2573 , RUN            1
  EVENT         2574 , RUN            1
  EVENT         2575 , RUN            1
  EVENT         2576 , RUN            1
  EVENT         2577 , RUN            1
  EVENT         2578 , RUN            1
  EVENT         2579 , RUN            1
  EVENT         2580 , RUN            1
  EVENT         2581 , RUN            1
  EVENT         2582 , RUN            1
  EVENT         2583 , RUN            1
  EVENT         2584 , RUN            1
  EVENT         2585 , RUN            1
  EVENT         2586 , RUN            1
  EVENT         2587 , RUN            1
  EVENT         2588 , RUN            1
  EVENT         2589 , RUN            1
  EVENT         2590 , RUN            1
  EVENT         2591 , RUN            1
  EVENT         2592 , RUN            1
  EVENT         2593 , RUN            1
  EVENT         2594 , RUN            1
  EVENT         2595 , RUN            1
  EVENT         2596 , RUN            1
  EVENT         2597 , RUN            1
  EVENT         2598 , RUN            1
  EVENT         2599 , RUN            1
  EVENT         2600 , RUN            1
  EVENT         2601 , RUN            1
  EVENT         2602 , RUN            1
  EVENT         2603 , RUN            1
  EVENT         2604 , RUN            1
  EVENT         2605 , RUN            1
  EVENT         2606 , RUN            1
  EVENT         2607 , RUN            1
  EVENT         2608 , RUN            1
  EVENT         2609 , RUN            1
  EVENT         2610 , RUN            1
  EVENT         2611 , RUN            1
  EVENT         2612 , RUN            1
  EVENT         2613 , RUN            1
  EVENT         2614 , RUN            1
  EVENT         2615 , RUN            1
  EVENT         2616 , RUN            1
  EVENT         2617 , RUN            1
  EVENT         2618 , RUN            1
  EVENT         2619 , RUN            1
  EVENT         2620 , RUN            1
  EVENT         2621 , RUN            1
  EVENT         2622 , RUN            1
  EVENT         2623 , RUN            1
  EVENT         2624 , RUN            1
  EVENT         2625 , RUN            1
  EVENT         2626 , RUN            1
  EVENT         2627 , RUN            1
  EVENT         2628 , RUN            1
  EVENT         2629 , RUN            1
  EVENT         2630 , RUN            1
  EVENT         2631 , RUN            1
  EVENT         2632 , RUN            1
  EVENT         2633 , RUN            1
  EVENT         2634 , RUN            1
  EVENT         2635 , RUN            1
  EVENT         2636 , RUN            1
  EVENT         2637 , RUN            1
  EVENT         2638 , RUN            1
  EVENT         2639 , RUN            1
  EVENT         2640 , RUN            1
  EVENT         2641 , RUN            1
  EVENT         2642 , RUN            1
  EVENT         2643 , RUN            1
  EVENT         2644 , RUN            1
  EVENT         2645 , RUN            1
  EVENT         2646 , RUN            1
  EVENT         2647 , RUN            1
  EVENT         2648 , RUN            1
  EVENT         2649 , RUN            1
  EVENT         2650 , RUN            1
  EVENT         2651 , RUN            1
  EVENT         2652 , RUN            1
  EVENT         2653 , RUN            1
  EVENT         2654 , RUN            1
  EVENT         2655 , RUN            1
  EVENT         2656 , RUN            1
  EVENT         2657 , RUN            1
  EVENT         2658 , RUN            1
  EVENT         2659 , RUN            1
  EVENT         2660 , RUN            1
  EVENT         2661 , RUN            1
  EVENT         2662 , RUN            1
  EVENT         2663 , RUN            1
  EVENT         2664 , RUN            1
  EVENT         2665 , RUN            1
  EVENT         2666 , RUN            1
  EVENT         2667 , RUN            1
  EVENT         2668 , RUN            1
  EVENT         2669 , RUN            1
  EVENT         2670 , RUN            1
  EVENT         2671 , RUN            1
  EVENT         2672 , RUN            1
  EVENT         2673 , RUN            1
  EVENT         2674 , RUN            1
  EVENT         2675 , RUN            1
  EVENT         2676 , RUN            1
  EVENT         2677 , RUN            1
  EVENT         2678 , RUN            1
  EVENT         2679 , RUN            1
  EVENT         2680 , RUN            1
  EVENT         2681 , RUN            1
  EVENT         2682 , RUN            1
  EVENT         2683 , RUN            1
  EVENT         2684 , RUN            1
  EVENT         2685 , RUN            1
  EVENT         2686 , RUN            1
  EVENT         2687 , RUN            1
  EVENT         2688 , RUN            1
  EVENT         2689 , RUN            1
  EVENT         2690 , RUN            1
  EVENT         2691 , RUN            1
  EVENT         2692 , RUN            1
  EVENT         2693 , RUN            1
  EVENT         2694 , RUN            1
  EVENT         2695 , RUN            1
  EVENT         2696 , RUN            1
  EVENT         2697 , RUN            1
  EVENT         2698 , RUN            1
  EVENT         2699 , RUN            1
  EVENT         2700 , RUN            1
  EVENT         2701 , RUN            1
  EVENT         2702 , RUN            1
  EVENT         2703 , RUN            1
  EVENT         2704 , RUN            1
  EVENT         2705 , RUN            1
  EVENT         2706 , RUN            1
  EVENT         2707 , RUN            1
  EVENT         2708 , RUN            1
  EVENT         2709 , RUN            1
  EVENT         2710 , RUN            1
  EVENT         2711 , RUN            1
  EVENT         2712 , RUN            1
  EVENT         2713 , RUN            1
  EVENT         2714 , RUN            1
  EVENT         2715 , RUN            1
  EVENT         2716 , RUN            1
  EVENT         2717 , RUN            1
  EVENT         2718 , RUN            1
  EVENT         2719 , RUN            1
  EVENT         2720 , RUN            1
  EVENT         2721 , RUN            1
  EVENT         2722 , RUN            1
  EVENT         2723 , RUN            1
  EVENT         2724 , RUN            1
  EVENT         2725 , RUN            1
  EVENT         2726 , RUN            1
  EVENT         2727 , RUN            1
  EVENT         2728 , RUN            1
  EVENT         2729 , RUN            1
  EVENT         2730 , RUN            1
  EVENT         2731 , RUN            1
  EVENT         2732 , RUN            1
  EVENT         2733 , RUN            1
  EVENT         2734 , RUN            1
  EVENT         2735 , RUN            1
  EVENT         2736 , RUN            1
  EVENT         2737 , RUN            1
  EVENT         2738 , RUN            1
  EVENT         2739 , RUN            1
  EVENT         2740 , RUN            1
  EVENT         2741 , RUN            1
  EVENT         2742 , RUN            1
  EVENT         2743 , RUN            1
  EVENT         2744 , RUN            1
  EVENT         2745 , RUN            1
  EVENT         2746 , RUN            1
  EVENT         2747 , RUN            1
  EVENT         2748 , RUN            1
  EVENT         2749 , RUN            1
  EVENT         2750 , RUN            1
  EVENT         2751 , RUN            1
  EVENT         2752 , RUN            1
  EVENT         2753 , RUN            1
  EVENT         2754 , RUN            1
  EVENT         2755 , RUN            1
  EVENT         2756 , RUN            1
  EVENT         2757 , RUN            1
  EVENT         2758 , RUN            1
  EVENT         2759 , RUN            1
  EVENT         2760 , RUN            1
  EVENT         2761 , RUN            1
  EVENT         2762 , RUN            1
  EVENT         2763 , RUN            1
  EVENT         2764 , RUN            1
  EVENT         2765 , RUN            1
  EVENT         2766 , RUN            1
  EVENT         2767 , RUN            1
  EVENT         2768 , RUN            1
  EVENT         2769 , RUN            1
  EVENT         2770 , RUN            1
  EVENT         2771 , RUN            1
  EVENT         2772 , RUN            1
  EVENT         2773 , RUN            1
  EVENT         2774 , RUN            1
  EVENT         2775 , RUN            1
  EVENT         2776 , RUN            1
  EVENT         2777 , RUN            1
  EVENT         2778 , RUN            1
  EVENT         2779 , RUN            1
  EVENT         2780 , RUN            1
  EVENT         2781 , RUN            1
  EVENT         2782 , RUN            1
  EVENT         2783 , RUN            1
  EVENT         2784 , RUN            1
  EVENT         2785 , RUN            1
  EVENT         2786 , RUN            1
  EVENT         2787 , RUN            1
  EVENT         2788 , RUN            1
  EVENT         2789 , RUN            1
  EVENT         2790 , RUN            1
  EVENT         2791 , RUN            1
  EVENT         2792 , RUN            1
  EVENT         2793 , RUN            1
  EVENT         2794 , RUN            1
  EVENT         2795 , RUN            1
  EVENT         2796 , RUN            1
  EVENT         2797 , RUN            1
  EVENT         2798 , RUN            1
  EVENT         2799 , RUN            1
  EVENT         2800 , RUN            1
  EVENT         2801 , RUN            1
  EVENT         2802 , RUN            1
  EVENT         2803 , RUN            1
  EVENT         2804 , RUN            1
  EVENT         2805 , RUN            1
  EVENT         2806 , RUN            1
  EVENT         2807 , RUN            1
  EVENT         2808 , RUN            1
  EVENT         2809 , RUN            1
  EVENT         2810 , RUN            1
  EVENT         2811 , RUN            1
  EVENT         2812 , RUN            1
  EVENT         2813 , RUN            1
  EVENT         2814 , RUN            1
  EVENT         2815 , RUN            1
  EVENT         2816 , RUN            1
  EVENT         2817 , RUN            1
  EVENT         2818 , RUN            1
  EVENT         2819 , RUN            1
  EVENT         2820 , RUN            1
  EVENT         2821 , RUN            1
  EVENT         2822 , RUN            1
  EVENT         2823 , RUN            1
  EVENT         2824 , RUN            1
  EVENT         2825 , RUN            1
  EVENT         2826 , RUN            1
  EVENT         2827 , RUN            1
  EVENT         2828 , RUN            1
  EVENT         2829 , RUN            1
  EVENT         2830 , RUN            1
  EVENT         2831 , RUN            1
  EVENT         2832 , RUN            1
  EVENT         2833 , RUN            1
  EVENT         2834 , RUN            1
  EVENT         2835 , RUN            1
  EVENT         2836 , RUN            1
  EVENT         2837 , RUN            1
  EVENT         2838 , RUN            1
  EVENT         2839 , RUN            1
  EVENT         2840 , RUN            1
  EVENT         2841 , RUN            1
  EVENT         2842 , RUN            1
  EVENT         2843 , RUN            1
  EVENT         2844 , RUN            1
  EVENT         2845 , RUN            1
  EVENT         2846 , RUN            1
  EVENT         2847 , RUN            1
  EVENT         2848 , RUN            1
  EVENT         2849 , RUN            1
  EVENT         2850 , RUN            1
  EVENT         2851 , RUN            1
  EVENT         2852 , RUN            1
  EVENT         2853 , RUN            1
  EVENT         2854 , RUN            1
  EVENT         2855 , RUN            1
  EVENT         2856 , RUN            1
  EVENT         2857 , RUN            1
  EVENT         2858 , RUN            1
  EVENT         2859 , RUN            1
  EVENT         2860 , RUN            1
  EVENT         2861 , RUN            1
  EVENT         2862 , RUN            1
  EVENT         2863 , RUN            1
  EVENT         2864 , RUN            1
  EVENT         2865 , RUN            1
  EVENT         2866 , RUN            1
  EVENT         2867 , RUN            1
  EVENT         2868 , RUN            1
  EVENT         2869 , RUN            1
  EVENT         2870 , RUN            1
  EVENT         2871 , RUN            1
  EVENT         2872 , RUN            1
  EVENT         2873 , RUN            1
  EVENT         2874 , RUN            1
  EVENT         2875 , RUN            1
  EVENT         2876 , RUN            1
  EVENT         2877 , RUN            1
  EVENT         2878 , RUN            1
  EVENT         2879 , RUN            1
  EVENT         2880 , RUN            1
  EVENT         2881 , RUN            1
  EVENT         2882 , RUN            1
  EVENT         2883 , RUN            1
  EVENT         2884 , RUN            1
  EVENT         2885 , RUN            1
  EVENT         2886 , RUN            1
  EVENT         2887 , RUN            1
  EVENT         2888 , RUN            1
  EVENT         2889 , RUN            1
  EVENT         2890 , RUN            1
  EVENT         2891 , RUN            1
  EVENT         2892 , RUN            1
  EVENT         2893 , RUN            1
  EVENT         2894 , RUN            1
  EVENT         2895 , RUN            1
  EVENT         2896 , RUN            1
  EVENT         2897 , RUN            1
  EVENT         2898 , RUN            1
  EVENT         2899 , RUN            1
  EVENT         2900 , RUN            1
  EVENT         2901 , RUN            1
  EVENT         2902 , RUN            1
  EVENT         2903 , RUN            1
  EVENT         2904 , RUN            1
  EVENT         2905 , RUN            1
  EVENT         2906 , RUN            1
  EVENT         2907 , RUN            1
  EVENT         2908 , RUN            1
  EVENT         2909 , RUN            1
  EVENT         2910 , RUN            1
  EVENT         2911 , RUN            1
  EVENT         2912 , RUN            1
  EVENT         2913 , RUN            1
  EVENT         2914 , RUN            1
  EVENT         2915 , RUN            1
  EVENT         2916 , RUN            1
  EVENT         2917 , RUN            1
  EVENT         2918 , RUN            1
  EVENT         2919 , RUN            1
  EVENT         2920 , RUN            1
  EVENT         2921 , RUN            1
  EVENT         2922 , RUN            1
  EVENT         2923 , RUN            1
  EVENT         2924 , RUN            1
  EVENT         2925 , RUN            1
  EVENT         2926 , RUN            1
  EVENT         2927 , RUN            1
  EVENT         2928 , RUN            1
  EVENT         2929 , RUN            1
  EVENT         2930 , RUN            1
  EVENT         2931 , RUN            1
  EVENT         2932 , RUN            1
  EVENT         2933 , RUN            1
  EVENT         2934 , RUN            1
  EVENT         2935 , RUN            1
  EVENT         2936 , RUN            1
  EVENT         2937 , RUN            1
  EVENT         2938 , RUN            1
  EVENT         2939 , RUN            1
  EVENT         2940 , RUN            1
  EVENT         2941 , RUN            1
  EVENT         2942 , RUN            1
  EVENT         2943 , RUN            1
  EVENT         2944 , RUN            1
  EVENT         2945 , RUN            1
  EVENT         2946 , RUN            1
  EVENT         2947 , RUN            1
  EVENT         2948 , RUN            1
  EVENT         2949 , RUN            1
  EVENT         2950 , RUN            1
  EVENT         2951 , RUN            1
  EVENT         2952 , RUN            1
  EVENT         2953 , RUN            1
  EVENT         2954 , RUN            1
  EVENT         2955 , RUN            1
  EVENT         2956 , RUN            1
  EVENT         2957 , RUN            1
  EVENT         2958 , RUN            1
  EVENT         2959 , RUN            1
  EVENT         2960 , RUN            1
  EVENT         2961 , RUN            1
  EVENT         2962 , RUN            1
  EVENT         2963 , RUN            1
  EVENT         2964 , RUN            1
  EVENT         2965 , RUN            1
  EVENT         2966 , RUN            1
  EVENT         2967 , RUN            1
  EVENT         2968 , RUN            1
  EVENT         2969 , RUN            1
  EVENT         2970 , RUN            1
  EVENT         2971 , RUN            1
  EVENT         2972 , RUN            1
  EVENT         2973 , RUN            1
  EVENT         2974 , RUN            1
  EVENT         2975 , RUN            1
  EVENT         2976 , RUN            1
  EVENT         2977 , RUN            1
  EVENT         2978 , RUN            1
  EVENT         2979 , RUN            1
  EVENT         2980 , RUN            1
  EVENT         2981 , RUN            1
  EVENT         2982 , RUN            1
  EVENT         2983 , RUN            1
  EVENT         2984 , RUN            1
  EVENT         2985 , RUN            1
  EVENT         2986 , RUN            1
  EVENT         2987 , RUN            1
  EVENT         2988 , RUN            1
  EVENT         2989 , RUN            1
  EVENT         2990 , RUN            1
  EVENT         2991 , RUN            1
  EVENT         2992 , RUN            1
  EVENT         2993 , RUN            1
  EVENT         2994 , RUN            1
  EVENT         2995 , RUN            1
  EVENT         2996 , RUN            1
  EVENT         2997 , RUN            1
  EVENT         2998 , RUN            1
  EVENT         2999 , RUN            1
  EVENT         3000 , RUN            1
  EVENT         3001 , RUN            1
  EVENT         3002 , RUN            1
  EVENT         3003 , RUN            1
  EVENT         3004 , RUN            1
  EVENT         3005 , RUN            1
  EVENT         3006 , RUN            1
  EVENT         3007 , RUN            1
  EVENT         3008 , RUN            1
  EVENT         3009 , RUN            1
  EVENT         3010 , RUN            1
  EVENT         3011 , RUN            1
  EVENT         3012 , RUN            1
  EVENT         3013 , RUN            1
  EVENT         3014 , RUN            1
  EVENT         3015 , RUN            1
  EVENT         3016 , RUN            1
  EVENT         3017 , RUN            1
  EVENT         3018 , RUN            1
  EVENT         3019 , RUN            1
  EVENT         3020 , RUN            1
  EVENT         3021 , RUN            1
  EVENT         3022 , RUN            1
  EVENT         3023 , RUN            1
  EVENT         3024 , RUN            1
  EVENT         3025 , RUN            1
  EVENT         3026 , RUN            1
  EVENT         3027 , RUN            1
  EVENT         3028 , RUN            1
  EVENT         3029 , RUN            1
  EVENT         3030 , RUN            1
  EVENT         3031 , RUN            1
  EVENT         3032 , RUN            1
  EVENT         3033 , RUN            1
  EVENT         3034 , RUN            1
  EVENT         3035 , RUN            1
  EVENT         3036 , RUN            1
  EVENT         3037 , RUN            1
  EVENT         3038 , RUN            1
  EVENT         3039 , RUN            1
  EVENT         3040 , RUN            1
  EVENT         3041 , RUN            1
  EVENT         3042 , RUN            1
  EVENT         3043 , RUN            1
  EVENT         3044 , RUN            1
  EVENT         3045 , RUN            1
  EVENT         3046 , RUN            1
  EVENT         3047 , RUN            1
  EVENT         3048 , RUN            1
  EVENT         3049 , RUN            1
  EVENT         3050 , RUN            1
  EVENT         3051 , RUN            1
  EVENT         3052 , RUN            1
  EVENT         3053 , RUN            1
  EVENT         3054 , RUN            1
  EVENT         3055 , RUN            1
  EVENT         3056 , RUN            1
  EVENT         3057 , RUN            1
  EVENT         3058 , RUN            1
  EVENT         3059 , RUN            1
  EVENT         3060 , RUN            1
  EVENT         3061 , RUN            1
  EVENT         3062 , RUN            1
 2:I,ft5<|gz5|, reset ft5 to |gz5|         217   1000000.0000000000       -1529836.5971086402       -1340400013852.9438     
 2:I,ft5<|gz5|, reset ft5 to |gz5|         218   1000000.0000000000       -1529817.3375252220       -1340341086192.7588     
 2:I,ft5<|gz5|, reset ft5 to |gz5|         219   1000000.0000000000       -1507413.5037140672       -1272295471179.5200     
  EVENT         3063 , RUN            1
  EVENT         3064 , RUN            1
  EVENT         3065 , RUN            1
  EVENT         3066 , RUN            1
  EVENT         3067 , RUN            1
  EVENT         3068 , RUN            1
  EVENT         3069 , RUN            1
  EVENT         3070 , RUN            1
  EVENT         3071 , RUN            1
  EVENT         3072 , RUN            1
  EVENT         3073 , RUN            1
  EVENT         3074 , RUN            1
  EVENT         3075 , RUN            1
  EVENT         3076 , RUN            1
  EVENT         3077 , RUN            1
  EVENT         3078 , RUN            1
  EVENT         3079 , RUN            1
  EVENT         3080 , RUN            1
  EVENT         3081 , RUN            1
  EVENT         3082 , RUN            1
  EVENT         3083 , RUN            1
  EVENT         3084 , RUN            1
  EVENT         3085 , RUN            1
  EVENT         3086 , RUN            1
  EVENT         3087 , RUN            1
  EVENT         3088 , RUN            1
  EVENT         3089 , RUN            1
  EVENT         3090 , RUN            1
  EVENT         3091 , RUN            1
  EVENT         3092 , RUN            1
  EVENT         3093 , RUN            1
  EVENT         3094 , RUN            1
  EVENT         3095 , RUN            1
  EVENT         3096 , RUN            1
  EVENT         3097 , RUN            1
  EVENT         3098 , RUN            1
  EVENT         3099 , RUN            1
 3134 , RUN            1
  EVENT         3135 , RUN            1
  EVENT         3136 , RUN            1
  EVENT         3137 , RUN            1
  EVENT         3138 , RUN            1
  EVENT         3139 , RUN            1
  EVENT         3140 , RUN            1
  EVENT         3141 , RUN            1
  EVENT         3142 , RUN            1
  EVENT         3143 , RUN            1
  EVENT         3144 , RUN            1
  EVENT         3145 , RUN            1
  EVENT         3146 , RUN            1
  EVENT         3147 , RUN            1
  EVENT         3148 , RUN            1
  EVENT         3149 , RUN            1
  EVENT         3150 , RUN            1
  EVENT         3151 , RUN            1
  EVENT         3152 , RUN            1
  EVENT         3153 , RUN            1
  EVENT         3154 , RUN            1
  EVENT         3155 , RUN            1
  EVENT         3156 , RUN            1
  EVENT         3157 , RUN            1
mdt4
#  AMPT started at  2025年 05月 30日 星期五 20:38:22 EDT
#  AMPT Program finished at  2025年 05月 30日 星期五 20:38:43 EDT
mdt4
#  AMPT started at  2025年 05月 30日 星期五 20:38:38 EDT
#  AMPT Program finished at  2025年 05月 30日 星期五 20:38:57 EDT
